lane,direction,miles,cost_per_mile_usd,turns,cube_cuft,cube_util_pct,leg_cost_usd,cost_per_cube_mile_usd,verdict
MEM-MKC,MEM>MKC,350,1.95,1,2001.6,57.2,748.22,0.0011,watch
MEM-MKC,MKC>MEM,350,1.95,1,1650.0,47.1,616.78,0.0011,watch
MEM-SGF,MEM>SGF,285,1.95,3,3474.3,33.1,1123.57,0.0011,bad miles
MEM-SGF,SGF>MEM,285,1.95,3,6836.6,65.1,2210.93,0.0011,watch
MEM-STL,MEM>STL,285,2.1,2,3689.4,52.7,1261.47,0.0012,watch
MEM-STL,STL>MEM,285,2.1,2,3312.3,47.3,1132.53,0.0012,watch
MEM-TUL,MEM>TUL,380,1.95,1,2309.2,66.0,972.2,0.0011,watch
MEM-TUL,TUL>MEM,380,1.95,1,1210.9,34.6,509.8,0.0011,bad miles
MKC-SGF,MKC>SGF,180,1.85,3,4946.8,47.1,831.8,0.0009,watch
MKC-SGF,SGF>MKC,180,1.85,3,6935.5,66.1,1166.2,0.0009,watch
MKC-STL,MKC>STL,250,2.0,2,4025.7,57.5,1122.13,0.0011,watch
MKC-STL,STL>MKC,250,2.0,2,3149.4,45.0,877.87,0.0011,watch
MKC-TUL,MKC>TUL,250,1.95,2,3101.6,44.3,1271.95,0.0016,watch
MKC-TUL,TUL>MKC,250,1.95,2,1653.4,23.6,678.05,0.0016,bad miles
SGF-STL,SGF>STL,215,1.9,3,6873.1,65.5,1539.09,0.001,watch
SGF-STL,STL>SGF,215,1.9,3,4072.3,38.8,911.91,0.001,bad miles
SGF-TUL,SGF>TUL,180,1.8,4,5566.8,39.8,1349.44,0.0013,bad miles
SGF-TUL,TUL>SGF,180,1.8,4,5125.9,36.6,1242.56,0.0013,bad miles
STL-TUL,STL>TUL,350,1.95,1,1310.0,37.4,1365.0,0.003,bad miles
STL-TUL,TUL>STL,350,1.95,1,0.0,0.0,0.0,0.0,bad miles
