load_id,lane,direction,bid_id,depart_time,turn_no,trailer_no,cube_cuft,weight_lbs,cube_util_pct,empty,flows
L0001,LIT-MEM,LIT>MEM,B-LIT>MEM-1700,17:00,1,1,1344.2,19542.9,76.8,False,LIT>MEM/E;LIT>TUL/P;LIT>TUL/E*;LIT>STL/E*;LIT>MKC/E;LIT>SGF/E*;LIT>STL/P*
L0002,LIT-MEM,LIT>MEM,B-LIT>MEM-1700,17:00,1,2,768.8,19842.1,43.9,False,LIT>MEM/P;LIT>SGF/P;LIT>MKC/P
L0003,LIT-MEM,LIT>MEM,B-LIT>MEM-2100,21:00,2,1,1690.4,19886.4,96.6,False,LIT>MEM/E;LIT>MEM/P;LIT>TUL/P*;LIT>SGF/P*;LIT>TUL/E*;LIT>STL/E*;LIT>MKC/P*;LIT>MKC/E;LIT>SGF/E*;LIT>STL/P*
L0004,LIT-MEM,LIT>MEM,B-LIT>MEM-2100,21:00,0,0,0,0,0.0,True,EMPTY pup on running turn
L0005,LIT-MEM,MEM>LIT,B-MEM>LIT-0900,09:00,1,1,1750.0,0.0,100.0,False,MEM>LIT/P*;MKC>LIT/E*
L0006,LIT-MEM,MEM>LIT,B-MEM>LIT-0900,09:00,1,2,1750.0,12845.3,100.0,False,MEM>LIT/E;MKC>LIT/E*
L0007,LIT-MEM,MEM>LIT,B-MEM>LIT-0900,09:00,2,3,1750.0,18869.0,100.0,False,SGF>LIT/E;MKC>LIT/E*;MKC>LIT/P;TUL>LIT/E*;TUL>LIT/P*
L0008,LIT-MEM,MEM>LIT,B-MEM>LIT-0900,09:00,2,4,1339.8,17193.4,76.6,False,STL>LIT/P;STL>LIT/E;TUL>LIT/P*
L0009,LIT-MEM,MEM>LIT,B-MEM>LIT-1200,12:00,3,1,1511.6,19458.6,86.4,False,MEM>LIT/P;MEM>LIT/E;SGF>LIT/E;STL>LIT/P;MKC>LIT/E;MKC>LIT/P;STL>LIT/E;TUL>LIT/E*;TUL>LIT/P*
L0010,LIT-MEM,MEM>LIT,B-MEM>LIT-1200,12:00,0,0,0,0,0.0,True,EMPTY pup on running turn
L0011,LIT-SGF,SGF>LIT,B-SGF>LIT-0900,09:00,1,1,807.5,12953.0,46.1,False,SGF>LIT/P
L0012,LIT-SGF,SGF>LIT,B-SGF>LIT-0900,09:00,0,0,0,0,0.0,True,EMPTY pup on running turn
L0013,LIT-SGF,SGF>LIT,B-SGF>LIT-1200,12:00,2,1,605.6,9714.8,34.6,False,SGF>LIT/P
L0014,LIT-SGF,SGF>LIT,B-SGF>LIT-1200,12:00,0,0,0,0,0.0,True,EMPTY pup on running turn
L0015,MEM-MKC,MEM>MKC,B-MEM>MKC-0900,09:00,1,1,1750.0,0.0,100.0,False,MEM>MKC/P*
L0016,MEM-MKC,MEM>MKC,B-MEM>MKC-0900,09:00,1,2,1750.0,11984.5,100.0,False,MEM>MKC/P*;MEM>MKC/E;LIT>MKC/E*
L0017,MEM-MKC,MEM>MKC,B-MEM>MKC-0900,09:00,2,3,1300.3,17585.3,74.3,False,SGF>MKC/E;STL>MKC/E;LIT>MKC/E*
L0018,MEM-MKC,MEM>MKC,B-MEM>MKC-0900,09:00,2,4,822.1,19570.4,47.0,False,TUL>MKC/P;TUL>MKC/E;LIT>MKC/P
L0019,MEM-MKC,MEM>MKC,B-MEM>MKC-1200,12:00,3,1,1473.6,18735.7,84.2,False,MEM>MKC/P;MEM>MKC/E;SGF>MKC/E
L0020,MEM-MKC,MEM>MKC,B-MEM>MKC-1200,12:00,3,2,529.8,11192.2,30.3,False,STL>MKC/E;TUL>MKC/P;TUL>MKC/E;LIT>MKC/P;LIT>MKC/E
L0021,MEM-MKC,MKC>MEM,B-MKC>MEM-1700,17:00,1,1,1750.0,0.0,100.0,False,MKC>MEM/P*;MKC>MEM/E*
L0022,MEM-MKC,MKC>MEM,B-MKC>MEM-1700,17:00,1,2,1733.3,17592.4,99.0,False,MKC>MEM/E*;MKC>STL/P;MKC>TUL/E
L0023,MEM-MKC,MKC>MEM,B-MKC>MEM-1700,17:00,2,3,1023.7,17766.1,58.5,False,MKC>STL/E;MKC>LIT/E
L0024,MEM-MKC,MKC>MEM,B-MKC>MEM-1700,17:00,2,4,799.9,12146.8,45.7,False,MKC>TUL/P;MKC>LIT/P
L0025,MEM-MKC,MKC>MEM,B-MKC>MEM-2100,21:00,3,1,1750.0,9035.0,100.0,False,MKC>MEM/P*;MKC>STL/P;MKC>TUL/E*
L0026,MEM-MKC,MKC>MEM,B-MKC>MEM-2100,21:00,3,2,1285.2,17073.6,73.4,False,MKC>MEM/E;MKC>TUL/E*;MKC>LIT/P*
L0027,MEM-MKC,MKC>MEM,B-MKC>MEM-2100,21:00,4,3,1210.4,19050.8,69.2,False,MKC>STL/E;MKC>LIT/E;MKC>TUL/P
L0028,MEM-MKC,MKC>MEM,B-MKC>MEM-2100,21:00,0,0,0,0,0.0,True,EMPTY pup on running turn
L0029,MEM-SGF,MEM>SGF,B-MEM>SGF-0900,09:00,1,1,1750.0,0.0,100.0,False,MEM>SGF/P*
L0030,MEM-SGF,MEM>SGF,B-MEM>SGF-0900,09:00,1,2,1750.0,18052.2,100.0,False,MEM>SGF/P*;MEM>SGF/E;MEM>STL/E;LIT>TUL/P*
L0031,MEM-SGF,MEM>SGF,B-MEM>SGF-0900,09:00,2,3,1750.0,16143.7,100.0,False,MKC>STL/P;LIT>TUL/P*;LIT>SGF/P*;LIT>TUL/E*;LIT>STL/E*
L0032,MEM-SGF,MEM>SGF,B-MEM>SGF-0900,09:00,2,4,1659.5,19656.8,94.8,False,MKC>STL/E;MKC>TUL/P;LIT>STL/E*;LIT>STL/P*
L0033,MEM-SGF,MEM>SGF,B-MEM>SGF-0900,09:00,3,5,1124.2,18735.0,64.2,False,MKC>TUL/E;MEM>TUL/E;LIT>SGF/E
L0034,MEM-SGF,MEM>SGF,B-MEM>SGF-0900,09:00,0,0,0,0,0.0,True,EMPTY pup on running turn
L0035,MEM-SGF,MEM>SGF,B-MEM>SGF-1200,12:00,4,1,1458.8,19750.5,83.4,False,MEM>SGF/P;MEM>SGF/E;MKC>STL/P;MKC>STL/E;MKC>TUL/P;MEM>STL/E
L0036,MEM-SGF,MEM>SGF,B-MEM>SGF-1200,12:00,4,2,623.9,13235.9,35.7,False,MKC>TUL/E;MEM>TUL/E;LIT>TUL/P;LIT>SGF/P;LIT>TUL/E;LIT>STL/E;LIT>SGF/E;LIT>STL/P
L0037,MEM-SGF,SGF>MEM,B-SGF>MEM-1700,17:00,1,1,1750.0,0.0,100.0,False,SGF>MEM/E*
L0038,MEM-SGF,SGF>MEM,B-SGF>MEM-1700,17:00,1,2,1750.0,0.0,100.0,False,SGF>MEM/E*;SGF>MEM/P*
L0039,MEM-SGF,SGF>MEM,B-SGF>MEM-1700,17:00,2,3,1750.0,12344.1,100.0,False,SGF>MEM/P*;STL>MEM/P;TUL>MEM/P*;TUL>MKC/E*
L0040,MEM-SGF,SGF>MEM,B-SGF>MEM-1700,17:00,2,4,1750.0,19686.1,100.0,False,STL>MEM/E;STL>MKC/E;TUL>MKC/E*;TUL>MEM/E*;TUL>LIT/P*
L0041,MEM-SGF,SGF>MEM,B-SGF>MEM-1700,17:00,3,5,1363.3,19033.5,77.9,False,SGF>LIT/E;TUL>MKC/P;TUL>LIT/P*
L0042,MEM-SGF,SGF>MEM,B-SGF>MEM-1700,17:00,3,6,1146.5,16401.4,65.5,False,STL>LIT/P;STL>LIT/E
L0043,MEM-SGF,SGF>MEM,B-SGF>MEM-1700,17:00,4,7,994.9,15966.3,56.9,False,SGF>MKC/E;TUL>LIT/E
L0044,MEM-SGF,SGF>MEM,B-SGF>MEM-1700,17:00,0,0,0,0,0.0,True,EMPTY pup on running turn
L0045,MEM-SGF,SGF>MEM,B-SGF>MEM-2100,21:00,5,1,1729.5,19294.5,98.8,False,SGF>MEM/E;SGF>MEM/P;STL>MEM/P;TUL>MKC/P*;TUL>LIT/E*;TUL>MKC/E*;TUL>MEM/E*;TUL>LIT/P*
L0046,MEM-SGF,SGF>MEM,B-SGF>MEM-2100,21:00,5,2,1303.7,19575.4,74.5,False,STL>MEM/E;SGF>LIT/E;STL>LIT/P;SGF>MKC/E;TUL>MEM/P;STL>MKC/E;STL>LIT/E
L0047,MEM-STL,MEM>STL,B-MEM>STL-0900,09:00,1,1,714.2,9037.4,40.8,False,MEM>STL/P
L0048,MEM-STL,MEM>STL,B-MEM>STL-0900,09:00,0,0,0,0,0.0,True,EMPTY pup on running turn
L0049,MEM-STL,MEM>STL,B-MEM>STL-1200,12:00,2,1,535.6,6778.0,30.6,False,MEM>STL/P
L0050,MEM-STL,MEM>STL,B-MEM>STL-1200,12:00,0,0,0,0,0.0,True,EMPTY pup on running turn
L0051,MEM-TUL,MEM>TUL,B-MEM>TUL-0900,09:00,1,1,651.5,6367.4,37.2,False,MEM>TUL/P
L0052,MEM-TUL,MEM>TUL,B-MEM>TUL-0900,09:00,0,0,0,0,0.0,True,EMPTY pup on running turn
L0053,MEM-TUL,MEM>TUL,B-MEM>TUL-1200,12:00,2,1,488.6,4775.6,27.9,False,MEM>TUL/P
L0054,MEM-TUL,MEM>TUL,B-MEM>TUL-1200,12:00,0,0,0,0,0.0,True,EMPTY pup on running turn
L0055,MKC-SGF,MKC>SGF,B-MKC>SGF-1700,17:00,1,1,1635.8,16430.9,93.5,False,MKC>SGF/E;MKC>SGF/P*
L0056,MKC-SGF,MKC>SGF,B-MKC>SGF-1700,17:00,0,0,0,0,0.0,True,EMPTY pup on running turn
L0057,MKC-SGF,MKC>SGF,B-MKC>SGF-2100,21:00,2,1,1308.6,13144.8,74.8,False,MKC>SGF/E;MKC>SGF/P*
L0058,MKC-SGF,MKC>SGF,B-MKC>SGF-2100,21:00,0,0,0,0,0.0,True,EMPTY pup on running turn
L0059,MKC-SGF,SGF>MKC,B-SGF>MKC-0900,09:00,1,1,1211.1,17404.1,69.2,False,SGF>MKC/P
L0060,MKC-SGF,SGF>MKC,B-SGF>MKC-0900,09:00,0,0,0,0,0.0,True,EMPTY pup on running turn
L0061,MKC-SGF,SGF>MKC,B-SGF>MKC-1200,12:00,2,1,908.3,13053.0,51.9,False,SGF>MKC/P
L0062,MKC-SGF,SGF>MKC,B-SGF>MKC-1200,12:00,0,0,0,0,0.0,True,EMPTY pup on running turn
L0063,MKC-STL,STL>MKC,B-STL>MKC-1700,17:00,1,1,851.7,12184.2,48.7,False,STL>MKC/P
L0064,MKC-STL,STL>MKC,B-STL>MKC-1700,17:00,0,0,0,0,0.0,True,EMPTY pup on running turn
L0065,MKC-STL,STL>MKC,B-STL>MKC-2100,21:00,2,1,681.4,9747.3,38.9,False,STL>MKC/P
L0066,MKC-STL,STL>MKC,B-STL>MKC-2100,21:00,0,0,0,0,0.0,True,EMPTY pup on running turn
L0067,SGF-STL,SGF>STL,B-SGF>STL-0900,09:00,1,1,1750.0,0.0,100.0,False,SGF>STL/P*
L0068,SGF-STL,SGF>STL,B-SGF>STL-0900,09:00,1,2,1750.0,17322.5,100.0,False,SGF>STL/P*;SGF>STL/E;TUL>STL/P*
L0069,SGF-STL,SGF>STL,B-SGF>STL-0900,09:00,2,3,1561.1,15945.4,89.2,False,MKC>STL/P;TUL>STL/P*;LIT>STL/E*;TUL>STL/E*
L0070,SGF-STL,SGF>STL,B-SGF>STL-0900,09:00,2,4,1377.1,19957.8,78.7,False,MKC>STL/E;MEM>STL/E;LIT>STL/P
L0071,SGF-STL,SGF>STL,B-SGF>STL-1200,12:00,3,1,1095.8,19055.2,62.6,False,SGF>STL/P;SGF>STL/E;MKC>STL/P
L0072,SGF-STL,SGF>STL,B-SGF>STL-1200,12:00,3,2,674.0,12555.4,38.5,False,MKC>STL/E;TUL>STL/P;MEM>STL/E;LIT>STL/E;TUL>STL/E;LIT>STL/P
L0073,SGF-STL,STL>SGF,B-STL>SGF-1700,17:00,1,1,1750.0,16968.3,100.0,False,STL>SGF/P;STL>LIT/P*;STL>TUL/E*
L0074,SGF-STL,STL>SGF,B-STL>SGF-1700,17:00,1,2,1750.0,19216.7,100.0,False,STL>SGF/E;STL>MKC/E;STL>TUL/E*;STL>LIT/E*
L0075,SGF-STL,STL>SGF,B-STL>SGF-1700,17:00,2,3,1407.2,17386.5,80.4,False,STL>MEM/P;STL>MEM/E;STL>LIT/E*;STL>TUL/P*
L0076,SGF-STL,STL>SGF,B-STL>SGF-1700,17:00,0,0,0,0,0.0,True,EMPTY pup on running turn
L0077,SGF-STL,STL>SGF,B-STL>SGF-2100,21:00,3,1,1393.4,18011.6,79.6,False,STL>SGF/P;STL>MKC/E;STL>TUL/P*
L0078,SGF-STL,STL>SGF,B-STL>SGF-2100,21:00,3,2,1184.0,18006.8,67.7,False,STL>SGF/E;STL>MEM/P
L0079,SGF-STL,STL>SGF,B-STL>SGF-2100,21:00,4,3,1348.4,19383.6,77.1,False,STL>MEM/E;STL>LIT/P;STL>TUL/E;STL>LIT/E
L0080,SGF-STL,STL>SGF,B-STL>SGF-2100,21:00,0,0,0,0,0.0,True,EMPTY pup on running turn
L0081,SGF-TUL,SGF>TUL,B-SGF>TUL-0900,09:00,1,1,1750.0,0.0,100.0,False,SGF>TUL/P*
L0082,SGF-TUL,SGF>TUL,B-SGF>TUL-0900,09:00,1,2,1750.0,18979.2,100.0,False,SGF>TUL/P*;SGF>TUL/E;MEM>TUL/E;LIT>TUL/E*
L0083,SGF-TUL,SGF>TUL,B-SGF>TUL-0900,09:00,2,3,1249.0,17542.2,71.4,False,MKC>TUL/P;MKC>TUL/E;LIT>TUL/E*
L0084,SGF-TUL,SGF>TUL,B-SGF>TUL-0900,09:00,2,4,1000.4,17371.6,57.2,False,STL>TUL/E;LIT>TUL/P;STL>TUL/P
L0085,SGF-TUL,SGF>TUL,B-SGF>TUL-1200,12:00,3,1,1534.2,19007.0,87.7,False,SGF>TUL/P;SGF>TUL/E;MKC>TUL/P;MKC>TUL/E;MEM>TUL/E;STL>TUL/E;LIT>TUL/P*;STL>TUL/P*;LIT>TUL/E*
L0086,SGF-TUL,SGF>TUL,B-SGF>TUL-1200,12:00,0,0,0,0,0.0,True,EMPTY pup on running turn
L0087,SGF-TUL,TUL>SGF,B-TUL>SGF-1700,17:00,1,1,1750.0,17093.6,100.0,False,TUL>SGF/P;TUL>SGF/E*;TUL>MKC/P*;TUL>LIT/E*;TUL>MKC/E*
L0088,SGF-TUL,TUL>SGF,B-TUL>SGF-1700,17:00,1,2,1388.8,18876.8,79.4,False,TUL>STL/P;TUL>MEM/P;TUL>MKC/E*;TUL>MEM/E*;TUL>LIT/P*;TUL>STL/E*
L0089,SGF-TUL,TUL>SGF,B-TUL>SGF-2100,21:00,2,1,1676.8,19146.4,95.8,False,TUL>SGF/P;TUL>SGF/E*;TUL>MKC/P;TUL>MKC/E*;TUL>MEM/E*;TUL>LIT/P*;TUL>STL/E*
L0090,SGF-TUL,TUL>SGF,B-TUL>SGF-2100,21:00,2,2,834.3,18083.0,47.7,False,TUL>STL/P;TUL>MEM/P;TUL>LIT/E
