action_id,event_id,action_type,detail,cost_impact_usd,service_impact,network_check,copilot_message
A001,E001,add_turn,Add 1 driver turn(s) on SGF>MEM (2 pups),1111.5,protects on-time; covers surge cube,network-OK: no pre-approved alternate with spare pup slots; new turn is the network-cheapest option,"Central -> SGF service center (10:00): SGF>MEM projecting 5 turns vs 4 planned. Network check done (no pre-approved alternate with spare pup slots). Recommend adding 1 turn(s) (+$1,112)."
A002,E001,adjust_dock,Hold 2 pup doors + crew at SGF for the added turn(s),0,avoids dock bottleneck on extra turns,network-OK: dock capacity follows the turn decision,Central -> SGF dock (10:00): keep 2 doors open for the added SGF>MEM turn(s); confirm crew coverage before cut time.
A003,E002,add_turn,Add 1 driver turn(s) on SGF>STL (2 pups),817.0,protects on-time; covers surge cube,network-OK: no pre-approved alternate with spare pup slots; new turn is the network-cheapest option,Central -> SGF service center (10:00): SGF>STL projecting 4 turns vs 3 planned. Network check done (no pre-approved alternate with spare pup slots). Recommend adding 1 turn(s) (+$817).
A004,E002,adjust_dock,Hold 2 pup doors + crew at SGF for the added turn(s),0,avoids dock bottleneck on extra turns,network-OK: dock capacity follows the turn decision,Central -> SGF dock (10:00): keep 2 doors open for the added SGF>STL turn(s); confirm crew coverage before cut time.
A005,E003,add_turn,Add 1 driver turn(s) on TUL>SGF (2 pups),648.0,protects on-time; covers surge cube,network-OK: no pre-approved alternate with spare pup slots; new turn is the network-cheapest option,Central -> TUL service center (10:00): TUL>SGF projecting 3 turns vs 2 planned. Network check done (no pre-approved alternate with spare pup slots). Recommend adding 1 turn(s) (+$648).
A006,E003,adjust_dock,Hold 2 pup doors + crew at TUL for the added turn(s),0,avoids dock bottleneck on extra turns,network-OK: dock capacity follows the turn decision,Central -> TUL dock (10:00): keep 2 doors open for the added TUL>SGF turn(s); confirm crew coverage before cut time.
A007,E004,add_turn,Add 1 driver turn(s) on SGF>MEM (2 pups),1111.5,protects on-time; covers surge cube,network-OK: no pre-approved alternate with spare pup slots; new turn is the network-cheapest option,"Central -> SGF service center (14:00): SGF>MEM projecting 5 turns vs 4 planned. Network check done (no pre-approved alternate with spare pup slots). Recommend adding 1 turn(s) (+$1,112)."
A008,E004,adjust_dock,Hold 2 pup doors + crew at SGF for the added turn(s),0,avoids dock bottleneck on extra turns,network-OK: dock capacity follows the turn decision,Central -> SGF dock (14:00): keep 2 doors open for the added SGF>MEM turn(s); confirm crew coverage before cut time.
A009,E005,add_turn,Add 1 driver turn(s) on TUL>SGF (2 pups),648.0,protects on-time; covers surge cube,network-OK: no pre-approved alternate with spare pup slots; new turn is the network-cheapest option,Central -> TUL service center (14:00): TUL>SGF projecting 3 turns vs 2 planned. Network check done (no pre-approved alternate with spare pup slots). Recommend adding 1 turn(s) (+$648).
A010,E005,adjust_dock,Hold 2 pup doors + crew at TUL for the added turn(s),0,avoids dock bottleneck on extra turns,network-OK: dock capacity follows the turn decision,Central -> TUL dock (14:00): keep 2 doors open for the added TUL>SGF turn(s); confirm crew coverage before cut time.
