bid_id,lane,direction,cycle,depart_time,is_cut,pups,drivers,cube_cuft,priority_cube_cuft
B-LIT>MEM-1700,LIT-MEM,LIT>MEM,outbound,17:00,N,1,1,1511.0,767.9
B-LIT>MEM-2100,LIT-MEM,LIT>MEM,outbound,21:00,Y,1,1,1208.8,614.4
B-MEM>LIT-0900,LIT-MEM,MEM>LIT,am,09:00,N,3,2,4047.9,2375.7
B-MEM>LIT-1200,LIT-MEM,MEM>LIT,am,12:00,Y,1,1,668.4,491.7
B-MEM>MKC-0900,MEM-MKC,MEM>MKC,am,09:00,N,2,1,3149.8,2093.1
B-MEM>MKC-1200,MEM-MKC,MEM>MKC,am,12:00,Y,1,1,769.1,540.0
B-MKC>MEM-1700,MEM-MKC,MKC>MEM,outbound,17:00,N,3,2,4855.4,2813.4
B-MKC>MEM-2100,MEM-MKC,MKC>MEM,outbound,21:00,Y,3,2,3884.4,2250.8
B-MEM>SGF-0900,MEM-SGF,MEM>SGF,am,09:00,N,5,3,7530.4,3931.8
B-MEM>SGF-1200,MEM-SGF,MEM>SGF,am,12:00,Y,1,1,1545.6,826.4
B-SGF>MEM-1700,MEM-SGF,SGF>MEM,outbound,17:00,N,4,2,6060.6,3795.8
B-SGF>MEM-2100,MEM-SGF,SGF>MEM,outbound,21:00,Y,1,1,1669.2,930.2
B-MEM>STL-0900,MEM-STL,MEM>STL,am,09:00,N,1,1,768.4,768.4
B-MEM>STL-1200,MEM-STL,MEM>STL,am,12:00,Y,1,1,576.3,576.3
B-SGF>MKC-0900,MKC-SGF,SGF>MKC,am,09:00,N,1,1,1328.9,635.8
B-SGF>MKC-1200,MKC-SGF,SGF>MKC,am,12:00,Y,1,1,996.6,476.8
B-SGF>STL-0900,SGF-STL,SGF>STL,am,09:00,N,4,2,5571.4,2622.7
B-SGF>STL-1200,SGF-STL,SGF>STL,am,12:00,Y,1,1,1327.8,713.2
B-STL>SGF-1700,SGF-STL,STL>SGF,outbound,17:00,N,2,1,2776.2,1615.3
B-STL>SGF-2100,SGF-STL,STL>SGF,outbound,21:00,Y,2,1,2221.0,1292.3
B-SGF>TUL-0900,SGF-TUL,SGF>TUL,am,09:00,N,3,2,4819.2,2796.0
B-SGF>TUL-1200,SGF-TUL,SGF>TUL,am,12:00,Y,1,1,1138.8,590.1
B-TUL>SGF-1700,SGF-TUL,TUL>SGF,outbound,17:00,N,2,1,2453.9,1556.0
B-TUL>SGF-2100,SGF-TUL,TUL>SGF,outbound,21:00,Y,2,1,1963.2,1244.8
