shipment_id,date,customer,origin,dest,product,weight_lbs,inferred_cube_cuft,path,handles,revenue_usd,pud_cost_usd,dock_cost_usd,linehaul_cost_usd,cost_to_serve_usd,margin_usd,margin_pct,leg_cost_detail
SH00001,2026-09-28,River City Foods,LIT,SGF,E,1774.2,71.7,LIT>MEM>SGF,4,448.53,80.0,56.0,33.42,169.42,279.11,62.2,LIT>MEM:$14.45;MEM>SGF:$18.97
SH00002,2026-09-28,Ozark Furniture,SGF,MEM,P,464.6,61.5,SGF>MEM,2,139.96,80.0,28.0,16.27,124.27,15.69,11.2,SGF>MEM:$16.27
SH00003,2026-09-28,River City Foods,LIT,STL,P,1831.7,71.1,LIT>MEM>SGF>STL,6,549.0,80.0,84.0,47.79,211.79,337.21,61.4,LIT>MEM:$14.33;MEM>SGF:$18.81;SGF>STL:$14.65
SH00004,2026-09-28,Delta Plastics,MEM,LIT,P,688.3,67.5,MEM>LIT,2,154.02,80.0,28.0,13.6,121.6,32.42,21.0,MEM>LIT:$13.60
SH00005,2026-09-28,KC Food Dist,MKC,MEM,E,1405.2,46.1,MKC>MEM,2,357.45,80.0,28.0,19.88,127.88,229.57,64.2,MKC>MEM:$19.88
SH00006,2026-09-28,AutoParts Co,SGF,STL,P,1041.6,56.7,SGF>STL,2,287.19,80.0,28.0,11.68,119.68,167.51,58.3,SGF>STL:$11.68
SH00007,2026-09-28,AutoParts Co,SGF,MEM,P,818.3,39.5,SGF>MEM,2,197.27,80.0,28.0,10.45,118.45,78.82,40.0,SGF>MEM:$10.45
SH00008,2026-09-28,AutoParts Co,SGF,MKC,E,573.3,24.0,SGF>MKC,2,143.04,80.0,28.0,28.17,136.17,6.87,4.8,SGF>MKC:$28.17
SH00009,2026-09-28,Tulsa Beverage,TUL,STL,P,2931.1,86.0,TUL>SGF>STL,4,896.88,80.0,56.0,33.83,169.83,727.05,81.1,TUL>SGF:$16.11;SGF>STL:$17.72
SH00010,2026-09-28,KC Food Dist,MKC,MEM,E,1614.7,56.5,MKC>MEM,2,342.62,80.0,28.0,24.37,132.37,210.25,61.4,MKC>MEM:$24.37
SH00011,2026-09-28,AutoParts Co,SGF,STL,E,375.4,18.4,SGF>STL,2,77.15,80.0,28.0,3.79,111.79,-34.64,-44.9,SGF>STL:$3.79
SH00012,2026-09-28,Tulsa Beverage,TUL,MKC,E,2096.7,84.0,TUL>SGF>MEM>MKC,6,481.99,80.0,84.0,74.19,238.19,243.8,50.6,TUL>SGF:$15.74;SGF>MEM:$22.22;MEM>MKC:$36.23
SH00013,2026-09-28,Plains Pharma,TUL,SGF,E,337.6,28.4,TUL>SGF,2,56.33,80.0,28.0,5.32,113.32,-56.99,-101.2,TUL>SGF:$5.32
SH00014,2026-09-28,Gateway Electronics,STL,SGF,E,323.1,28.1,STL>SGF,2,74.79,80.0,28.0,5.79,113.79,-39.0,-52.1,STL>SGF:$5.79
SH00015,2026-09-28,Tulsa Beverage,TUL,MEM,P,1285.6,47.7,TUL>SGF>MEM,4,390.52,80.0,56.0,21.56,157.56,232.96,59.7,TUL>SGF:$8.94;SGF>MEM:$12.62
SH00016,2026-09-28,Paper Mill Supply,STL,MEM,P,1147.1,76.9,STL>SGF>MEM,4,305.43,80.0,56.0,36.19,172.19,133.24,43.6,STL>SGF:$15.84;SGF>MEM:$20.34
SH00017,2026-09-28,Paper Mill Supply,STL,MEM,P,930.9,48.2,STL>SGF>MEM,4,255.31,80.0,56.0,22.68,158.68,96.63,37.8,STL>SGF:$9.93;SGF>MEM:$12.75
SH00018,2026-09-28,Ozark Building,SGF,MEM,P,1314.4,65.9,SGF>MEM,2,382.45,80.0,28.0,17.43,125.43,257.02,67.2,SGF>MEM:$17.43
SH00019,2026-09-28,Crossroads Retail,MKC,MEM,P,767.8,81.5,MKC>MEM,2,221.61,80.0,28.0,35.15,143.15,78.46,35.4,MKC>MEM:$35.15
SH00020,2026-09-28,AutoParts Co,SGF,MEM,E,1034.5,45.0,SGF>MEM,2,226.58,80.0,28.0,11.9,119.9,106.68,47.1,SGF>MEM:$11.90
SH00021,2026-09-28,Delta Plastics,MEM,STL,P,921.4,103.8,MEM>STL,2,274.34,80.0,28.0,180.63,288.63,-14.29,-5.2,MEM>STL:$180.63
SH00022,2026-09-28,Bluff City Apparel,MEM,LIT,P,334.6,37.5,MEM>LIT,2,86.39,80.0,28.0,7.56,115.56,-29.17,-33.8,MEM>LIT:$7.56
SH00023,2026-09-28,Midwest Apparel,MKC,MEM,E,186.2,24.0,MKC>MEM,2,51.0,80.0,28.0,10.35,118.35,-67.35,-132.1,MKC>MEM:$10.35
SH00024,2026-09-28,Midwest Apparel,MKC,MEM,P,972.6,104.7,MKC>MEM,2,323.21,80.0,28.0,45.16,153.16,170.05,52.6,MKC>MEM:$45.16
SH00025,2026-09-28,Memphis Machinery,MEM,SGF,P,2452.3,90.5,MEM>SGF,2,589.16,80.0,28.0,23.94,131.94,457.22,77.6,MEM>SGF:$23.94
SH00026,2026-09-28,Delta Plastics,MEM,TUL,P,719.7,72.0,MEM>SGF>TUL,4,225.92,80.0,56.0,32.54,168.54,57.38,25.4,MEM>SGF:$19.05;SGF>TUL:$13.49
SH00027,2026-09-28,Ozark Building,SGF,MKC,E,2432.8,121.8,SGF>MKC,2,567.95,80.0,28.0,142.99,250.99,316.96,55.8,SGF>MKC:$142.99
SH00028,2026-09-28,AutoParts Co,SGF,MKC,P,284.6,12.3,SGF>MKC,2,82.35,80.0,28.0,14.44,122.44,-40.09,-48.7,SGF>MKC:$14.44
SH00029,2026-09-28,Midwest Apparel,MKC,MEM,P,495.3,63.7,MKC>MEM,2,146.39,80.0,28.0,27.48,135.48,10.91,7.5,MKC>MEM:$27.48
SH00030,2026-09-28,Memphis Machinery,MEM,LIT,P,1895.4,63.8,MEM>LIT,2,511.96,80.0,28.0,12.86,120.86,391.1,76.4,MEM>LIT:$12.86
SH00031,2026-09-28,Memphis Machinery,MEM,MKC,P,1543.4,58.0,MEM>MKC,2,466.17,80.0,28.0,25.02,133.02,333.15,71.5,MEM>MKC:$25.02
SH00032,2026-09-28,Tulsa Beverage,TUL,LIT,E,1309.1,45.1,TUL>SGF>MEM>LIT,6,277.1,80.0,84.0,29.47,193.47,83.63,30.2,TUL>SGF:$8.45;SGF>MEM:$11.93;MEM>LIT:$9.09
SH00033,2026-09-28,Bluff City Apparel,MEM,SGF,P,1002.4,116.7,MEM>SGF,2,267.51,80.0,28.0,30.87,138.87,128.64,48.1,MEM>SGF:$30.87
SH00034,2026-09-28,Midwest Apparel,MKC,MEM,E,466.4,55.3,MKC>MEM,2,115.07,80.0,28.0,23.85,131.85,-16.78,-14.6,MKC>MEM:$23.85
SH00035,2026-09-28,Midwest Apparel,MKC,SGF,E,438.5,44.2,MKC>MEM>SGF,4,100.04,80.0,56.0,30.76,166.76,-66.72,-66.7,MKC>MEM:$19.06;MEM>SGF:$11.69
SH00036,2026-09-28,Ozark Furniture,SGF,STL,E,187.5,24.4,SGF>STL,2,36.15,80.0,28.0,5.03,113.03,-76.88,-212.7,SGF>STL:$5.03
SH00037,2026-09-28,AutoParts Co,SGF,MKC,P,928.8,38.8,SGF>MKC,2,256.21,80.0,28.0,45.55,153.55,102.66,40.1,SGF>MKC:$45.55
SH00038,2026-09-28,River City Foods,LIT,MKC,P,1000.4,36.1,LIT>MEM>MKC,4,297.26,80.0,56.0,22.85,158.85,138.41,46.6,LIT>MEM:$7.27;MEM>MKC:$15.57
SH00039,2026-09-28,Gateway Electronics,STL,SGF,P,675.7,64.2,STL>SGF,2,175.19,80.0,28.0,13.23,121.23,53.96,30.8,STL>SGF:$13.23
SH00040,2026-09-28,Delta Plastics,MEM,STL,P,947.1,107.1,MEM>STL,2,270.53,80.0,28.0,186.37,294.37,-23.84,-8.8,MEM>STL:$186.37
SH00041,2026-09-28,Tulsa Beverage,TUL,MKC,E,1787.3,59.1,TUL>SGF>MEM>MKC,6,425.58,80.0,84.0,52.2,216.2,209.38,49.2,TUL>SGF:$11.07;SGF>MEM:$15.63;MEM>MKC:$25.49
SH00042,2026-09-28,AutoParts Co,SGF,TUL,P,1017.1,43.6,SGF>TUL,2,277.83,80.0,28.0,8.17,116.17,161.66,58.2,SGF>TUL:$8.17
SH00043,2026-09-28,Crossroads Retail,MKC,MEM,P,866.4,72.3,MKC>MEM,2,264.64,80.0,28.0,31.18,139.18,125.46,47.4,MKC>MEM:$31.18
SH00044,2026-09-28,KC Food Dist,MKC,TUL,E,973.5,29.9,MKC>MEM>SGF>TUL,6,266.27,80.0,84.0,26.41,190.41,75.86,28.5,MKC>MEM:$12.90;MEM>SGF:$7.91;SGF>TUL:$5.60
SH00045,2026-09-28,Memphis Machinery,MEM,STL,E,3203.9,148.5,MEM>SGF>STL,4,851.01,80.0,56.0,69.88,205.88,645.13,75.8,MEM>SGF:$39.29;SGF>STL:$30.60
SH00046,2026-09-28,KC Food Dist,MKC,MEM,P,1396.1,37.7,MKC>MEM,2,410.21,80.0,28.0,16.26,124.26,285.95,69.7,MKC>MEM:$16.26
SH00047,2026-09-28,Gateway Electronics,STL,SGF,E,360.4,30.7,STL>SGF,2,87.8,80.0,28.0,6.33,114.33,-26.53,-30.2,STL>SGF:$6.33
SH00048,2026-09-28,Paper Mill Supply,STL,MEM,E,1385.1,84.1,STL>SGF>MEM,4,329.11,80.0,56.0,39.58,175.58,153.53,46.7,STL>SGF:$17.33;SGF>MEM:$22.25
SH00049,2026-09-28,Midwest Apparel,MKC,LIT,P,596.9,85.9,MKC>MEM>LIT,4,185.41,80.0,56.0,54.36,190.36,-4.95,-2.7,MKC>MEM:$37.05;MEM>LIT:$17.31
SH00050,2026-09-28,AutoParts Co,SGF,TUL,P,770.7,39.2,SGF>TUL,2,190.08,80.0,28.0,7.34,115.34,74.74,39.3,SGF>TUL:$7.34
SH00051,2026-09-28,Ozark Building,SGF,MEM,P,777.5,33.2,SGF>MEM,2,217.79,80.0,28.0,8.78,116.78,101.01,46.4,SGF>MEM:$8.78
SH00052,2026-09-28,AutoParts Co,SGF,TUL,P,814.6,35.5,SGF>TUL,2,172.27,80.0,28.0,6.65,114.65,57.62,33.4,SGF>TUL:$6.65
SH00053,2026-09-28,KC Food Dist,MKC,MEM,P,1753.5,48.0,MKC>MEM,2,489.27,80.0,28.0,20.7,128.7,360.57,73.7,MKC>MEM:$20.70
SH00054,2026-09-28,Delta Plastics,MEM,MKC,P,845.0,89.5,MEM>MKC,2,266.93,80.0,28.0,38.6,146.6,120.33,45.1,MEM>MKC:$38.60
SH00055,2026-09-28,AutoParts Co,SGF,TUL,E,990.9,45.8,SGF>TUL,2,191.28,80.0,28.0,8.58,116.58,74.7,39.1,SGF>TUL:$8.58
SH00056,2026-09-28,Crossroads Retail,MKC,SGF,E,800.0,83.9,MKC>MEM>SGF,4,219.7,80.0,56.0,58.38,194.38,25.32,11.5,MKC>MEM:$36.19;MEM>SGF:$22.20
SH00057,2026-09-28,AutoParts Co,SGF,LIT,E,835.3,44.4,SGF>MEM>LIT,4,220.36,80.0,56.0,20.69,156.69,63.67,28.9,SGF>MEM:$11.75;MEM>LIT:$8.95
SH00058,2026-09-28,Gateway Electronics,STL,MEM,E,245.3,24.3,STL>SGF>MEM,4,60.94,80.0,56.0,11.44,147.44,-86.5,-141.9,STL>SGF:$5.01;SGF>MEM:$6.43
SH00059,2026-09-28,Gateway Electronics,STL,SGF,P,879.2,82.9,STL>SGF,2,246.65,80.0,28.0,17.08,125.08,121.57,49.3,STL>SGF:$17.08
SH00060,2026-09-28,KC Food Dist,MKC,MEM,P,1053.5,36.1,MKC>MEM,2,353.61,80.0,28.0,15.57,123.57,230.04,65.1,MKC>MEM:$15.57
SH00061,2026-09-28,AutoParts Co,SGF,TUL,P,1221.8,47.7,SGF>TUL,2,328.56,80.0,28.0,8.94,116.94,211.62,64.4,SGF>TUL:$8.94
SH00062,2026-09-28,Gateway Electronics,STL,MEM,P,356.2,41.3,STL>SGF>MEM,4,101.64,80.0,56.0,19.43,155.43,-53.79,-52.9,STL>SGF:$8.51;SGF>MEM:$10.93
SH00063,2026-09-28,River City Foods,LIT,TUL,P,1365.8,48.7,LIT>MEM>SGF>TUL,6,391.07,80.0,84.0,31.82,195.82,195.25,49.9,LIT>MEM:$9.81;MEM>SGF:$12.88;SGF>TUL:$9.13
SH00064,2026-09-28,Tulsa Beverage,TUL,MKC,P,2568.4,97.8,TUL>SGF>MEM>MKC,6,708.19,80.0,84.0,86.38,250.38,457.81,64.6,TUL>SGF:$18.32;SGF>MEM:$25.87;MEM>MKC:$42.18
SH00065,2026-09-28,Midwest Apparel,MKC,MEM,P,341.5,42.1,MKC>MEM,2,100.65,80.0,28.0,18.16,126.16,-25.51,-25.3,MKC>MEM:$18.16
SH00066,2026-09-28,Ozark Furniture,SGF,TUL,P,513.7,88.5,SGF>TUL,2,144.5,80.0,28.0,16.58,124.58,19.92,13.8,SGF>TUL:$16.58
SH00067,2026-09-28,Delta Plastics,MEM,TUL,P,699.9,80.4,MEM>SGF>TUL,4,218.48,80.0,56.0,36.33,172.33,46.15,21.1,MEM>SGF:$21.27;SGF>TUL:$15.06
SH00068,2026-09-28,River City Foods,LIT,MKC,P,562.6,20.7,LIT>MEM>MKC,4,156.25,80.0,56.0,13.1,149.1,7.15,4.6,LIT>MEM:$4.17;MEM>MKC:$8.93
SH00069,2026-09-28,Paper Mill Supply,STL,LIT,E,1082.0,57.8,STL>SGF>MEM>LIT,6,246.75,80.0,84.0,38.85,202.85,43.9,17.8,STL>SGF:$11.91;SGF>MEM:$15.29;MEM>LIT:$11.65
SH00070,2026-09-28,Ozark Building,SGF,LIT,P,1655.4,78.1,SGF>MEM>LIT,4,458.47,80.0,56.0,36.4,172.4,286.07,62.4,SGF>MEM:$20.66;MEM>LIT:$15.74
SH00071,2026-09-28,Paper Mill Supply,STL,MKC,E,80.0,5.0,STL>SGF>MEM>MKC,6,16.99,80.0,84.0,4.51,168.51,-151.52,-891.8,STL>SGF:$1.03;SGF>MEM:$1.32;MEM>MKC:$2.16
SH00072,2026-09-28,Ozark Furniture,SGF,STL,P,761.1,133.6,SGF>STL,2,207.53,80.0,28.0,27.53,135.53,72.0,34.7,SGF>STL:$27.53
SH00073,2026-09-28,KC Food Dist,MKC,MEM,P,1471.6,52.7,MKC>MEM,2,526.2,80.0,28.0,22.73,130.73,395.47,75.2,MKC>MEM:$22.73
SH00074,2026-09-28,AutoParts Co,SGF,MEM,P,573.5,23.1,SGF>MEM,2,169.88,80.0,28.0,6.11,114.11,55.77,32.8,SGF>MEM:$6.11
SH00075,2026-09-28,Delta Plastics,MEM,STL,P,442.5,55.2,MEM>STL,2,108.95,80.0,28.0,96.06,204.06,-95.11,-87.3,MEM>STL:$96.06
SH00076,2026-09-28,KC Food Dist,MKC,LIT,P,2070.8,63.8,MKC>MEM>LIT,4,606.14,80.0,56.0,40.38,176.38,429.76,70.9,MKC>MEM:$27.52;MEM>LIT:$12.86
SH00077,2026-09-28,AutoParts Co,SGF,STL,E,153.1,5.9,SGF>STL,2,33.02,80.0,28.0,1.22,109.22,-76.2,-230.8,SGF>STL:$1.22
SH00078,2026-09-28,Delta Plastics,MEM,MKC,P,1302.2,138.4,MEM>MKC,2,407.45,80.0,28.0,59.7,167.7,239.75,58.8,MEM>MKC:$59.70
SH00079,2026-09-28,Memphis Machinery,MEM,TUL,E,922.0,34.6,MEM>SGF>TUL,4,251.1,80.0,56.0,15.64,151.64,99.46,39.6,MEM>SGF:$9.15;SGF>TUL:$6.48
SH00080,2026-09-28,Plains Pharma,TUL,STL,E,757.4,58.7,TUL>SGF>STL,4,205.79,80.0,56.0,23.09,159.09,46.7,22.7,TUL>SGF:$11.00;SGF>STL:$12.09
SH00081,2026-09-28,Bluff City Apparel,MEM,STL,P,523.7,58.6,MEM>STL,2,151.43,80.0,28.0,101.97,209.97,-58.54,-38.7,MEM>STL:$101.97
SH00082,2026-09-28,Delta Plastics,MEM,LIT,P,1363.6,152.8,MEM>LIT,2,337.06,80.0,28.0,30.79,138.79,198.27,58.8,MEM>LIT:$30.79
SH00083,2026-09-28,Paper Mill Supply,STL,MKC,E,1652.0,97.3,STL>SGF>MEM>MKC,6,399.65,80.0,84.0,87.76,251.76,147.89,37.0,STL>SGF:$20.05;SGF>MEM:$25.74;MEM>MKC:$41.97
SH00084,2026-09-28,River City Foods,LIT,MEM,P,1180.3,36.0,LIT>MEM,2,304.84,80.0,28.0,7.25,115.25,189.59,62.2,LIT>MEM:$7.25
SH00085,2026-09-28,Delta Plastics,MEM,STL,E,894.0,100.3,MEM>SGF>STL,4,209.86,80.0,56.0,47.2,183.2,26.66,12.7,MEM>SGF:$26.53;SGF>STL:$20.66
SH00086,2026-09-28,River City Foods,LIT,MEM,P,1652.0,68.2,LIT>MEM,2,394.64,80.0,28.0,13.74,121.74,272.9,69.2,LIT>MEM:$13.74
SH00087,2026-09-28,KC Food Dist,MKC,MEM,E,1005.6,37.1,MKC>MEM,2,222.33,80.0,28.0,16.0,124.0,98.33,44.2,MKC>MEM:$16.00
SH00088,2026-09-28,KC Food Dist,MKC,LIT,E,1581.4,54.3,MKC>MEM>LIT,4,429.26,80.0,56.0,34.36,170.36,258.9,60.3,MKC>MEM:$23.42;MEM>LIT:$10.94
SH00089,2026-09-28,Paper Mill Supply,STL,SGF,P,1733.9,100.3,STL>SGF,2,417.43,80.0,28.0,20.66,128.66,288.77,69.2,STL>SGF:$20.66
SH00090,2026-09-28,Gateway Electronics,STL,SGF,P,425.1,46.2,STL>SGF,2,121.41,80.0,28.0,9.52,117.52,3.89,3.2,STL>SGF:$9.52
SH00091,2026-09-28,AutoParts Co,SGF,TUL,P,1070.5,43.9,SGF>TUL,2,265.31,80.0,28.0,8.23,116.23,149.08,56.2,SGF>TUL:$8.23
SH00092,2026-09-28,Memphis Machinery,MEM,STL,P,1803.2,71.8,MEM>STL,2,568.13,80.0,28.0,124.94,232.94,335.19,59.0,MEM>STL:$124.94
SH00093,2026-09-28,AutoParts Co,SGF,STL,E,654.2,35.3,SGF>STL,2,131.58,80.0,28.0,7.27,115.27,16.31,12.4,SGF>STL:$7.27
SH00094,2026-09-28,Gateway Electronics,STL,TUL,E,390.5,40.8,STL>SGF>TUL,4,97.85,80.0,56.0,16.05,152.05,-54.2,-55.4,STL>SGF:$8.41;SGF>TUL:$7.64
SH00095,2026-09-28,Gateway Electronics,STL,MEM,E,201.1,21.0,STL>SGF>MEM,4,41.45,80.0,56.0,9.88,145.88,-104.43,-251.9,STL>SGF:$4.33;SGF>MEM:$5.56
SH00096,2026-09-28,Bluff City Apparel,MEM,SGF,P,629.1,79.5,MEM>SGF,2,187.1,80.0,28.0,21.03,129.03,58.07,31.0,MEM>SGF:$21.03
SH00097,2026-09-28,Paper Mill Supply,STL,SGF,E,872.1,48.6,STL>SGF,2,169.74,80.0,28.0,10.01,118.01,51.73,30.5,STL>SGF:$10.01
SH00098,2026-09-28,Ozark Furniture,SGF,STL,P,554.7,84.2,SGF>STL,2,154.7,80.0,28.0,17.35,125.35,29.35,19.0,SGF>STL:$17.35
SH00099,2026-09-28,Ozark Furniture,SGF,MKC,P,973.2,148.5,SGF>MKC,2,294.65,80.0,28.0,174.33,282.33,12.32,4.2,SGF>MKC:$174.33
SH00100,2026-09-28,River City Foods,LIT,MKC,P,811.1,25.6,LIT>MEM>MKC,4,260.58,80.0,56.0,16.2,152.2,108.38,41.6,LIT>MEM:$5.16;MEM>MKC:$11.04
SH00101,2026-09-28,Paper Mill Supply,STL,LIT,P,1371.8,74.7,STL>SGF>MEM>LIT,6,398.2,80.0,84.0,50.21,214.21,183.99,46.2,STL>SGF:$15.39;SGF>MEM:$19.76;MEM>LIT:$15.05
SH00102,2026-09-28,KC Food Dist,MKC,STL,P,1698.3,47.3,MKC>MEM>SGF>STL,6,470.86,80.0,84.0,42.66,206.66,264.2,56.1,MKC>MEM:$20.40;MEM>SGF:$12.51;SGF>STL:$9.75
SH00103,2026-09-28,Paper Mill Supply,STL,MEM,P,1754.2,100.8,STL>SGF>MEM,4,492.89,80.0,56.0,47.43,183.43,309.46,62.8,STL>SGF:$20.77;SGF>MEM:$26.67
SH00104,2026-09-28,AutoParts Co,SGF,LIT,P,1255.8,52.5,SGF>MEM>LIT,4,373.2,80.0,56.0,24.47,160.47,212.73,57.0,SGF>MEM:$13.89;MEM>LIT:$10.58
SH00105,2026-09-28,Memphis Machinery,MEM,SGF,E,3387.1,141.3,MEM>SGF,2,703.9,80.0,28.0,37.38,145.38,558.52,79.3,MEM>SGF:$37.38
SH00106,2026-09-28,River City Foods,LIT,STL,E,1670.8,61.7,LIT>MEM>SGF>STL,6,401.91,80.0,84.0,41.47,205.47,196.44,48.9,LIT>MEM:$12.43;MEM>SGF:$16.32;SGF>STL:$12.71
SH00107,2026-09-28,Ozark Furniture,SGF,MKC,P,706.2,105.9,SGF>MKC,2,199.09,80.0,28.0,124.32,232.32,-33.23,-16.7,SGF>MKC:$124.32
SH00108,2026-09-28,Plains Pharma,TUL,STL,E,372.6,28.7,TUL>SGF>STL,4,91.09,80.0,56.0,11.29,147.29,-56.2,-61.7,TUL>SGF:$5.38;SGF>STL:$5.91
SH00109,2026-09-28,Gateway Electronics,STL,LIT,E,482.9,38.7,STL>SGF>MEM>LIT,6,110.6,80.0,84.0,26.01,190.01,-79.41,-71.8,STL>SGF:$7.97;SGF>MEM:$10.24;MEM>LIT:$7.80
SH00110,2026-09-28,AutoParts Co,SGF,TUL,P,749.9,39.2,SGF>TUL,2,164.39,80.0,28.0,7.34,115.34,49.05,29.8,SGF>TUL:$7.34
SH00111,2026-09-28,Paper Mill Supply,STL,TUL,E,1599.1,94.7,STL>SGF>TUL,4,418.03,80.0,56.0,37.26,173.26,244.77,58.6,STL>SGF:$19.51;SGF>TUL:$17.74
SH00112,2026-09-28,KC Food Dist,MKC,MEM,P,2707.5,101.4,MKC>MEM,2,864.0,80.0,28.0,43.74,151.74,712.26,82.4,MKC>MEM:$43.74
SH00113,2026-09-28,Gateway Electronics,STL,TUL,P,464.3,52.9,STL>SGF>TUL,4,146.18,80.0,56.0,20.81,156.81,-10.63,-7.3,STL>SGF:$10.90;SGF>TUL:$9.91
SH00114,2026-09-28,KC Food Dist,MKC,TUL,P,901.8,27.7,MKC>MEM>SGF>TUL,6,273.94,80.0,84.0,24.47,188.47,85.47,31.2,MKC>MEM:$11.95;MEM>SGF:$7.33;SGF>TUL:$5.19
SH00115,2026-09-28,Delta Plastics,MEM,SGF,P,532.7,59.4,MEM>SGF,2,151.55,80.0,28.0,15.71,123.71,27.84,18.4,MEM>SGF:$15.71
SH00116,2026-09-28,KC Food Dist,MKC,MEM,E,1020.7,32.1,MKC>MEM,2,251.22,80.0,28.0,13.85,121.85,129.37,51.5,MKC>MEM:$13.85
SH00117,2026-09-28,AutoParts Co,SGF,MKC,E,1090.2,50.8,SGF>MKC,2,238.08,80.0,28.0,59.64,167.64,70.44,29.6,SGF>MKC:$59.64
SH00118,2026-09-28,Memphis Machinery,MEM,MKC,P,1636.2,61.7,MEM>MKC,2,493.12,80.0,28.0,26.61,134.61,358.51,72.7,MEM>MKC:$26.61
SH00119,2026-09-28,Bluff City Apparel,MEM,STL,P,607.6,87.4,MEM>STL,2,168.52,80.0,28.0,152.09,260.09,-91.57,-54.3,MEM>STL:$152.09
SH00120,2026-09-28,Crossroads Retail,MKC,MEM,E,491.4,41.5,MKC>MEM,2,136.89,80.0,28.0,17.9,125.9,10.99,8.0,MKC>MEM:$17.90
SH00121,2026-09-28,KC Food Dist,MKC,SGF,E,1686.8,50.7,MKC>MEM>SGF,4,425.1,80.0,56.0,35.28,171.28,253.82,59.7,MKC>MEM:$21.87;MEM>SGF:$13.41
SH00122,2026-09-28,Crossroads Retail,MKC,STL,P,941.3,83.5,MKC>MEM>SGF>STL,6,261.86,80.0,84.0,75.31,239.31,22.55,8.6,MKC>MEM:$36.02;MEM>SGF:$22.09;SGF>STL:$17.20
SH00123,2026-09-28,Paper Mill Supply,STL,SGF,P,1692.4,95.3,STL>SGF,2,533.46,80.0,28.0,19.63,127.63,405.83,76.1,STL>SGF:$19.63
SH00124,2026-09-28,River City Foods,LIT,MEM,P,1522.6,55.5,LIT>MEM,2,324.8,80.0,28.0,11.18,119.18,205.62,63.3,LIT>MEM:$11.18
SH00125,2026-09-28,Ozark Furniture,SGF,MKC,E,949.4,116.7,SGF>MKC,2,224.05,80.0,28.0,137.0,245.0,-20.95,-9.4,SGF>MKC:$137.00
SH00126,2026-09-28,KC Food Dist,MKC,TUL,E,1521.3,48.7,MKC>MEM>SGF>TUL,6,346.95,80.0,84.0,43.01,207.01,139.94,40.3,MKC>MEM:$21.01;MEM>SGF:$12.88;SGF>TUL:$9.13
SH00127,2026-09-28,Plains Pharma,TUL,STL,E,521.4,43.4,TUL>SGF>STL,4,122.97,80.0,56.0,17.07,153.07,-30.1,-24.5,TUL>SGF:$8.13;SGF>STL:$8.94
SH00128,2026-09-28,Delta Plastics,MEM,MKC,P,995.4,104.3,MEM>MKC,2,283.34,80.0,28.0,44.99,152.99,130.35,46.0,MEM>MKC:$44.99
SH00129,2026-09-28,River City Foods,LIT,STL,E,767.1,24.3,LIT>MEM>SGF>STL,6,184.28,80.0,84.0,16.33,180.33,3.95,2.1,LIT>MEM:$4.90;MEM>SGF:$6.43;SGF>STL:$5.01
SH00130,2026-09-28,River City Foods,LIT,MEM,E,710.4,24.5,LIT>MEM,2,143.43,80.0,28.0,4.94,112.94,30.49,21.3,LIT>MEM:$4.94
SH00131,2026-09-28,Ozark Building,SGF,MKC,E,1359.3,64.9,SGF>MKC,2,305.23,80.0,28.0,76.19,184.19,121.04,39.7,SGF>MKC:$76.19
SH00132,2026-09-28,AutoParts Co,SGF,STL,E,415.8,18.5,SGF>STL,2,88.59,80.0,28.0,3.81,111.81,-23.22,-26.2,SGF>STL:$3.81
SH00133,2026-09-28,AutoParts Co,SGF,TUL,P,712.0,28.9,SGF>TUL,2,180.61,80.0,28.0,5.42,113.42,67.19,37.2,SGF>TUL:$5.42
SH00134,2026-09-28,Ozark Furniture,SGF,MEM,E,641.9,98.9,SGF>MEM,2,137.81,80.0,28.0,26.16,134.16,3.65,2.6,SGF>MEM:$26.16
SH00135,2026-09-28,Tulsa Beverage,TUL,MEM,P,1212.5,35.4,TUL>SGF>MEM,4,393.84,80.0,56.0,16.0,152.0,241.84,61.4,TUL>SGF:$6.63;SGF>MEM:$9.37
SH00136,2026-09-28,Midwest Apparel,MKC,MEM,E,538.5,72.8,MKC>MEM,2,142.63,80.0,28.0,31.4,139.4,3.23,2.3,MKC>MEM:$31.40
SH00137,2026-09-28,Tulsa Beverage,TUL,SGF,P,1494.5,55.7,TUL>SGF,2,387.58,80.0,28.0,10.44,118.44,269.14,69.4,TUL>SGF:$10.44
SH00138,2026-09-28,AutoParts Co,SGF,LIT,P,1378.4,61.6,SGF>MEM>LIT,4,450.54,80.0,56.0,28.71,164.71,285.83,63.4,SGF>MEM:$16.30;MEM>LIT:$12.41
SH00139,2026-09-28,Bluff City Apparel,MEM,SGF,E,632.4,83.7,MEM>SGF,2,131.89,80.0,28.0,22.14,130.14,1.75,1.3,MEM>SGF:$22.14
SH00140,2026-09-28,Paper Mill Supply,STL,MKC,P,917.9,41.9,STL>SGF>MEM>MKC,6,234.26,80.0,84.0,37.79,201.79,32.47,13.9,STL>SGF:$8.63;SGF>MEM:$11.08;MEM>MKC:$18.07
SH00141,2026-09-28,Bluff City Apparel,MEM,STL,E,478.0,65.1,MEM>SGF>STL,4,118.78,80.0,56.0,30.63,166.63,-47.85,-40.3,MEM>SGF:$17.22;SGF>STL:$13.41
SH00142,2026-09-28,River City Foods,LIT,SGF,P,1425.7,46.8,LIT>MEM>SGF,4,401.39,80.0,56.0,21.81,157.81,243.58,60.7,LIT>MEM:$9.43;MEM>SGF:$12.38
SH00143,2026-09-28,Ozark Building,SGF,STL,P,493.1,19.8,SGF>STL,2,141.01,80.0,28.0,4.08,112.08,28.93,20.5,SGF>STL:$4.08
SH00144,2026-09-28,Ozark Furniture,SGF,MEM,P,937.4,115.9,SGF>MEM,2,272.55,80.0,28.0,30.66,138.66,133.89,49.1,SGF>MEM:$30.66
SH00145,2026-09-28,Crossroads Retail,MKC,TUL,E,1107.9,98.4,MKC>MEM>SGF>TUL,6,256.05,80.0,84.0,86.91,250.91,5.14,2.0,MKC>MEM:$42.44;MEM>SGF:$26.03;SGF>TUL:$18.44
SH00146,2026-09-28,KC Food Dist,MKC,MEM,P,1409.7,51.4,MKC>MEM,2,399.96,80.0,28.0,22.17,130.17,269.79,67.5,MKC>MEM:$22.17
SH00147,2026-09-28,Paper Mill Supply,STL,MEM,P,755.8,43.2,STL>SGF>MEM,4,239.74,80.0,56.0,20.33,156.33,83.41,34.8,STL>SGF:$8.90;SGF>MEM:$11.43
SH00148,2026-09-28,Ozark Building,SGF,MKC,P,2030.9,96.4,SGF>MKC,2,601.4,80.0,28.0,113.17,221.17,380.23,63.2,SGF>MKC:$113.17
SH00149,2026-09-28,AutoParts Co,SGF,STL,P,906.4,39.8,SGF>STL,2,233.05,80.0,28.0,8.2,116.2,116.85,50.1,SGF>STL:$8.20
SH00150,2026-09-28,KC Food Dist,MKC,SGF,P,2107.4,74.4,MKC>MEM>SGF,4,617.96,80.0,56.0,51.77,187.77,430.19,69.6,MKC>MEM:$32.09;MEM>SGF:$19.68
SH00151,2026-09-28,Memphis Machinery,MEM,MKC,P,2460.8,91.0,MEM>MKC,2,717.58,80.0,28.0,39.25,147.25,570.33,79.5,MEM>MKC:$39.25
SH00152,2026-09-28,Paper Mill Supply,STL,SGF,P,995.1,56.0,STL>SGF,2,273.71,80.0,28.0,11.54,119.54,154.17,56.3,STL>SGF:$11.54
SH00153,2026-09-28,River City Foods,LIT,MKC,P,850.5,34.4,LIT>MEM>MKC,4,235.29,80.0,56.0,21.77,157.77,77.52,32.9,LIT>MEM:$6.93;MEM>MKC:$14.84
SH00154,2026-09-28,Midwest Apparel,MKC,LIT,P,80.0,10.9,MKC>MEM>LIT,4,23.42,80.0,56.0,6.9,142.9,-119.48,-510.2,MKC>MEM:$4.70;MEM>LIT:$2.20
SH00155,2026-09-28,Midwest Apparel,MKC,STL,P,360.2,51.7,MKC>MEM>SGF>STL,6,91.21,80.0,84.0,46.63,210.63,-119.42,-130.9,MKC>MEM:$22.30;MEM>SGF:$13.68;SGF>STL:$10.65
SH00156,2026-09-28,AutoParts Co,SGF,LIT,E,677.7,25.0,SGF>MEM>LIT,4,186.99,80.0,56.0,11.65,147.65,39.34,21.0,SGF>MEM:$6.61;MEM>LIT:$5.04
SH00157,2026-09-28,Ozark Building,SGF,MEM,P,1630.0,91.0,SGF>MEM,2,463.09,80.0,28.0,24.07,132.07,331.02,71.5,SGF>MEM:$24.07
SH00158,2026-09-28,Midwest Apparel,MKC,MEM,E,348.6,38.9,MKC>MEM,2,80.35,80.0,28.0,16.78,124.78,-44.43,-55.3,MKC>MEM:$16.78
SH00159,2026-09-28,KC Food Dist,MKC,SGF,P,1993.0,60.3,MKC>MEM>SGF,4,584.11,80.0,56.0,41.96,177.96,406.15,69.5,MKC>MEM:$26.01;MEM>SGF:$15.95
SH00160,2026-09-28,Crossroads Retail,MKC,MEM,E,452.9,41.8,MKC>MEM,2,106.82,80.0,28.0,18.03,126.03,-19.21,-18.0,MKC>MEM:$18.03
SH00161,2026-09-28,Memphis Machinery,MEM,SGF,E,1467.4,56.0,MEM>SGF,2,345.01,80.0,28.0,14.81,122.81,222.2,64.4,MEM>SGF:$14.81
SH00162,2026-09-28,Tulsa Beverage,TUL,SGF,P,1371.4,42.3,TUL>SGF,2,305.3,80.0,28.0,7.93,115.93,189.37,62.0,TUL>SGF:$7.93
SH00163,2026-09-28,Ozark Building,SGF,STL,P,2002.5,95.3,SGF>STL,2,562.39,80.0,28.0,19.63,127.63,434.76,77.3,SGF>STL:$19.63
SH00164,2026-09-28,Memphis Machinery,MEM,STL,P,1438.5,59.9,MEM>STL,2,405.05,80.0,28.0,104.24,212.24,192.81,47.6,MEM>STL:$104.24
SH00165,2026-09-28,Memphis Machinery,MEM,SGF,E,2189.1,81.2,MEM>SGF,2,531.11,80.0,28.0,21.48,129.48,401.63,75.6,MEM>SGF:$21.48
SH00166,2026-09-28,Paper Mill Supply,STL,TUL,E,1574.0,63.2,STL>SGF>TUL,4,379.95,80.0,56.0,24.86,160.86,219.09,57.7,STL>SGF:$13.02;SGF>TUL:$11.84
SH00167,2026-09-28,Ozark Furniture,SGF,MEM,E,908.7,121.2,SGF>MEM,2,222.36,80.0,28.0,32.06,140.06,82.3,37.0,SGF>MEM:$32.06
SH00168,2026-09-28,Gateway Electronics,STL,MEM,P,471.5,51.4,STL>SGF>MEM,4,135.37,80.0,56.0,24.19,160.19,-24.82,-18.3,STL>SGF:$10.59;SGF>MEM:$13.60
SH00169,2026-09-28,Midwest Apparel,MKC,MEM,E,483.8,57.7,MKC>MEM,2,118.18,80.0,28.0,24.89,132.89,-14.71,-12.4,MKC>MEM:$24.89
SH00170,2026-09-28,Gateway Electronics,STL,TUL,P,607.7,70.5,STL>SGF>TUL,4,172.22,80.0,56.0,27.73,163.73,8.49,4.9,STL>SGF:$14.53;SGF>TUL:$13.21
SH00171,2026-09-28,Memphis Machinery,MEM,TUL,E,2217.0,82.8,MEM>SGF>TUL,4,481.71,80.0,56.0,37.42,173.42,308.29,64.0,MEM>SGF:$21.90;SGF>TUL:$15.51
SH00172,2026-09-28,Ozark Furniture,SGF,MEM,P,674.0,89.7,SGF>MEM,2,181.19,80.0,28.0,23.73,131.73,49.46,27.3,SGF>MEM:$23.73
SH00173,2026-09-28,Paper Mill Supply,STL,SGF,E,80.0,5.0,STL>SGF,2,16.86,80.0,28.0,1.03,109.03,-92.17,-546.7,STL>SGF:$1.03
SH00174,2026-09-28,Memphis Machinery,MEM,LIT,E,1373.8,58.9,MEM>LIT,2,250.77,80.0,28.0,11.87,119.87,130.9,52.2,MEM>LIT:$11.87
SH00175,2026-09-28,AutoParts Co,SGF,MEM,P,478.3,20.1,SGF>MEM,2,134.18,80.0,28.0,5.32,113.32,20.86,15.5,SGF>MEM:$5.32
SH00176,2026-09-28,Ozark Furniture,SGF,MEM,P,731.5,92.7,SGF>MEM,2,209.35,80.0,28.0,24.52,132.52,76.83,36.7,SGF>MEM:$24.52
SH00177,2026-09-28,KC Food Dist,MKC,MEM,P,1436.2,44.7,MKC>MEM,2,454.61,80.0,28.0,19.28,127.28,327.33,72.0,MKC>MEM:$19.28
SH00178,2026-09-28,Midwest Apparel,MKC,SGF,P,793.0,89.7,MKC>MEM>SGF,4,238.94,80.0,56.0,62.42,198.42,40.52,17.0,MKC>MEM:$38.69;MEM>SGF:$23.73
SH00179,2026-09-28,Delta Plastics,MEM,LIT,E,1222.9,113.4,MEM>LIT,2,202.72,80.0,28.0,22.85,130.85,71.87,35.5,MEM>LIT:$22.85
SH00180,2026-09-28,Midwest Apparel,MKC,MEM,P,130.2,18.1,MKC>MEM,2,43.27,80.0,28.0,7.81,115.81,-72.54,-167.6,MKC>MEM:$7.81
SH00181,2026-09-28,AutoParts Co,SGF,MKC,E,549.0,23.4,SGF>MKC,2,134.28,80.0,28.0,27.47,135.47,-1.19,-0.9,SGF>MKC:$27.47
SH00182,2026-09-28,Paper Mill Supply,STL,SGF,P,1558.0,77.7,STL>SGF,2,439.52,80.0,28.0,16.01,124.01,315.51,71.8,STL>SGF:$16.01
SH00183,2026-09-28,Memphis Machinery,MEM,MKC,E,2831.3,107.6,MEM>MKC,2,608.55,80.0,28.0,46.41,154.41,454.14,74.6,MEM>MKC:$46.41
SH00184,2026-09-28,Paper Mill Supply,STL,MKC,E,1184.9,69.5,STL>SGF>MEM>MKC,6,274.0,80.0,84.0,62.68,226.68,47.32,17.3,STL>SGF:$14.32;SGF>MEM:$18.39;MEM>MKC:$29.98
SH00185,2026-09-28,AutoParts Co,SGF,MKC,P,811.2,33.5,SGF>MKC,2,258.46,80.0,28.0,39.33,147.33,111.13,43.0,SGF>MKC:$39.33
SH00186,2026-09-28,KC Food Dist,MKC,MEM,P,1168.1,42.6,MKC>MEM,2,363.07,80.0,28.0,18.37,126.37,236.7,65.2,MKC>MEM:$18.37
SH00187,2026-09-28,Ozark Furniture,SGF,STL,E,824.0,112.9,SGF>STL,2,152.4,80.0,28.0,23.26,131.26,21.14,13.9,SGF>STL:$23.26
SH00188,2026-09-28,Ozark Building,SGF,MEM,P,1086.2,48.9,SGF>MEM,2,308.69,80.0,28.0,12.94,120.94,187.75,60.8,SGF>MEM:$12.94
SH00189,2026-09-28,Ozark Furniture,SGF,STL,P,684.4,111.5,SGF>STL,2,181.18,80.0,28.0,22.97,130.97,50.21,27.7,SGF>STL:$22.97
SH00190,2026-09-28,Tulsa Beverage,TUL,STL,P,1368.5,56.1,TUL>SGF>STL,4,377.12,80.0,56.0,22.07,158.07,219.05,58.1,TUL>SGF:$10.51;SGF>STL:$11.56
SH00191,2026-09-28,Ozark Building,SGF,MKC,E,1485.5,65.1,SGF>MKC,2,360.4,80.0,28.0,76.42,184.42,175.98,48.8,SGF>MKC:$76.42
SH00192,2026-09-28,KC Food Dist,MKC,MEM,P,1214.2,46.5,MKC>MEM,2,398.97,80.0,28.0,20.06,128.06,270.91,67.9,MKC>MEM:$20.06
SH00193,2026-09-28,Delta Plastics,MEM,MKC,P,356.3,40.9,MEM>MKC,2,103.48,80.0,28.0,17.64,125.64,-22.16,-21.4,MEM>MKC:$17.64
SH00194,2026-09-28,Ozark Furniture,SGF,MEM,P,545.2,80.6,SGF>MEM,2,154.88,80.0,28.0,21.32,129.32,25.56,16.5,SGF>MEM:$21.32
SH00195,2026-09-28,Paper Mill Supply,STL,TUL,E,659.3,34.7,STL>SGF>TUL,4,168.56,80.0,56.0,13.65,149.65,18.91,11.2,STL>SGF:$7.15;SGF>TUL:$6.50
SH00196,2026-09-28,Ozark Furniture,SGF,MEM,E,246.9,35.7,SGF>MEM,2,58.96,80.0,28.0,9.44,117.44,-58.48,-99.2,SGF>MEM:$9.44
SH00197,2026-09-28,AutoParts Co,SGF,STL,E,640.0,27.5,SGF>STL,2,154.04,80.0,28.0,5.67,113.67,40.37,26.2,SGF>STL:$5.67
SH00198,2026-09-28,Ozark Building,SGF,STL,P,1698.3,82.7,SGF>STL,2,472.51,80.0,28.0,17.04,125.04,347.47,73.5,SGF>STL:$17.04
SH00199,2026-09-28,River City Foods,LIT,MEM,E,1008.9,43.1,LIT>MEM,2,215.98,80.0,28.0,8.69,116.69,99.29,46.0,LIT>MEM:$8.69
SH00200,2026-09-28,KC Food Dist,MKC,STL,E,1960.6,71.5,MKC>MEM>SGF>STL,6,472.2,80.0,84.0,64.49,228.49,243.71,51.6,MKC>MEM:$30.84;MEM>SGF:$18.92;SGF>STL:$14.73
SH00201,2026-09-28,Midwest Apparel,MKC,MEM,P,345.8,45.7,MKC>MEM,2,92.22,80.0,28.0,19.71,127.71,-35.49,-38.5,MKC>MEM:$19.71
SH00202,2026-09-28,Gateway Electronics,STL,SGF,P,516.7,55.5,STL>SGF,2,136.36,80.0,28.0,11.43,119.43,16.93,12.4,STL>SGF:$11.43
SH00203,2026-09-28,River City Foods,LIT,TUL,E,1777.4,78.4,LIT>MEM>SGF>TUL,6,461.02,80.0,84.0,51.23,215.23,245.79,53.3,LIT>MEM:$15.80;MEM>SGF:$20.74;SGF>TUL:$14.69
SH00204,2026-09-28,Gateway Electronics,STL,LIT,P,467.4,41.7,STL>SGF>MEM>LIT,6,141.57,80.0,84.0,28.03,192.03,-50.46,-35.6,STL>SGF:$8.59;SGF>MEM:$11.03;MEM>LIT:$8.40
SH00205,2026-09-28,Memphis Machinery,MEM,LIT,P,2341.7,89.3,MEM>LIT,2,604.95,80.0,28.0,18.0,126.0,478.95,79.2,MEM>LIT:$18.00
SH00206,2026-09-28,Memphis Machinery,MEM,LIT,P,3676.7,135.5,MEM>LIT,2,779.57,80.0,28.0,27.31,135.31,644.26,82.6,MEM>LIT:$27.31
SH00207,2026-09-28,Tulsa Beverage,TUL,SGF,E,1612.6,62.4,TUL>SGF,2,316.21,80.0,28.0,11.69,119.69,196.52,62.1,TUL>SGF:$11.69
SH00208,2026-09-28,AutoParts Co,SGF,MEM,E,826.4,38.6,SGF>MEM,2,217.24,80.0,28.0,10.21,118.21,99.03,45.6,SGF>MEM:$10.21
SH00209,2026-09-28,KC Food Dist,MKC,TUL,P,1250.9,42.6,MKC>MEM>SGF>TUL,6,373.36,80.0,84.0,37.63,201.63,171.73,46.0,MKC>MEM:$18.37;MEM>SGF:$11.27;SGF>TUL:$7.98
SH00210,2026-09-28,KC Food Dist,MKC,TUL,P,892.6,30.9,MKC>MEM>SGF>TUL,6,229.62,80.0,84.0,27.29,191.29,38.33,16.7,MKC>MEM:$13.33;MEM>SGF:$8.17;SGF>TUL:$5.79
SH00211,2026-09-28,Memphis Machinery,MEM,TUL,P,2739.0,108.5,MEM>SGF>TUL,4,849.09,80.0,56.0,49.03,185.03,664.06,78.2,MEM>SGF:$28.70;SGF>TUL:$20.33
SH00212,2026-09-28,Ozark Furniture,SGF,LIT,E,935.1,134.1,SGF>MEM>LIT,4,242.82,80.0,56.0,62.5,198.5,44.32,18.3,SGF>MEM:$35.48;MEM>LIT:$27.02
SH00213,2026-09-28,Ozark Furniture,SGF,LIT,P,1063.6,171.0,SGF>MEM>LIT,4,303.31,80.0,56.0,79.7,215.7,87.61,28.9,SGF>MEM:$45.24;MEM>LIT:$34.46
SH00214,2026-09-28,Gateway Electronics,STL,MEM,P,629.7,70.0,STL>SGF>MEM,4,185.45,80.0,56.0,32.94,168.94,16.51,8.9,STL>SGF:$14.42;SGF>MEM:$18.52
SH00215,2026-09-28,Memphis Machinery,MEM,MKC,E,1262.9,45.7,MEM>MKC,2,326.24,80.0,28.0,19.71,127.71,198.53,60.9,MEM>MKC:$19.71
SH00216,2026-09-28,River City Foods,LIT,SGF,P,1325.1,53.0,LIT>MEM>SGF,4,397.87,80.0,56.0,24.7,160.7,237.17,59.6,LIT>MEM:$10.68;MEM>SGF:$14.02
SH00217,2026-09-28,KC Food Dist,MKC,MEM,P,1246.2,38.8,MKC>MEM,2,385.18,80.0,28.0,16.74,124.74,260.44,67.6,MKC>MEM:$16.74
SH00218,2026-09-28,Gateway Electronics,STL,SGF,E,696.4,63.0,STL>SGF,2,148.6,80.0,28.0,12.98,120.98,27.62,18.6,STL>SGF:$12.98
SH00219,2026-09-28,Memphis Machinery,MEM,LIT,P,1366.7,54.5,MEM>LIT,2,310.04,80.0,28.0,10.98,118.98,191.06,61.6,MEM>LIT:$10.98
SH00220,2026-09-28,AutoParts Co,SGF,STL,P,710.7,29.4,SGF>STL,2,205.04,80.0,28.0,6.06,114.06,90.98,44.4,SGF>STL:$6.06
SH00221,2026-09-28,Ozark Furniture,SGF,MEM,P,546.4,77.3,SGF>MEM,2,166.82,80.0,28.0,20.45,128.45,38.37,23.0,SGF>MEM:$20.45
SH00222,2026-09-28,Crossroads Retail,MKC,MEM,E,363.2,31.0,MKC>MEM,2,87.42,80.0,28.0,13.37,121.37,-33.95,-38.8,MKC>MEM:$13.37
SH00223,2026-09-28,AutoParts Co,SGF,MEM,P,1358.7,68.8,SGF>MEM,2,405.53,80.0,28.0,18.2,126.2,279.33,68.9,SGF>MEM:$18.20
SH00224,2026-09-28,Crossroads Retail,MKC,STL,E,713.2,66.6,MKC>MEM>SGF>STL,6,150.8,80.0,84.0,60.07,224.07,-73.27,-48.6,MKC>MEM:$28.73;MEM>SGF:$17.62;SGF>STL:$13.72
SH00225,2026-09-28,AutoParts Co,SGF,MEM,P,344.5,14.3,SGF>MEM,2,91.46,80.0,28.0,3.78,111.78,-20.32,-22.2,SGF>MEM:$3.78
SH00226,2026-09-28,AutoParts Co,SGF,MKC,E,908.5,42.9,SGF>MKC,2,210.38,80.0,28.0,50.36,158.36,52.02,24.7,SGF>MKC:$50.36
SH00227,2026-09-28,AutoParts Co,SGF,MKC,P,828.6,43.8,SGF>MKC,2,251.71,80.0,28.0,51.42,159.42,92.29,36.7,SGF>MKC:$51.42
SH00228,2026-09-28,KC Food Dist,MKC,TUL,P,2108.4,72.1,MKC>MEM>SGF>TUL,6,630.68,80.0,84.0,63.68,227.68,403.0,63.9,MKC>MEM:$31.10;MEM>SGF:$19.07;SGF>TUL:$13.51
SH00229,2026-09-28,Midwest Apparel,MKC,LIT,P,735.4,108.5,MKC>MEM>LIT,4,222.01,80.0,56.0,68.66,204.66,17.35,7.8,MKC>MEM:$46.80;MEM>LIT:$21.86
SH00230,2026-09-28,Tulsa Beverage,TUL,STL,P,484.0,16.8,TUL>SGF>STL,4,150.17,80.0,56.0,6.61,142.61,7.56,5.0,TUL>SGF:$3.15;SGF>STL:$3.46
SH00231,2026-09-28,Delta Plastics,MEM,LIT,P,922.4,108.7,MEM>LIT,2,240.47,80.0,28.0,21.9,129.9,110.57,46.0,MEM>LIT:$21.90
SH00232,2026-09-28,River City Foods,LIT,SGF,E,940.7,36.4,LIT>MEM>SGF,4,248.26,80.0,56.0,16.96,152.96,95.3,38.4,LIT>MEM:$7.34;MEM>SGF:$9.63
SH00233,2026-09-28,Midwest Apparel,MKC,MEM,P,480.8,74.5,MKC>MEM,2,146.75,80.0,28.0,32.13,140.13,6.62,4.5,MKC>MEM:$32.13
SH00234,2026-09-28,AutoParts Co,SGF,STL,E,1147.6,53.7,SGF>STL,2,252.15,80.0,28.0,11.06,119.06,133.09,52.8,SGF>STL:$11.06
SH00235,2026-09-28,Midwest Apparel,MKC,SGF,E,476.2,53.4,MKC>MEM>SGF,4,127.86,80.0,56.0,37.16,173.16,-45.3,-35.4,MKC>MEM:$23.03;MEM>SGF:$14.13
SH00236,2026-09-28,Midwest Apparel,MKC,TUL,P,387.4,44.9,MKC>MEM>SGF>TUL,6,111.15,80.0,84.0,39.66,203.66,-92.51,-83.2,MKC>MEM:$19.37;MEM>SGF:$11.88;SGF>TUL:$8.41
SH00237,2026-09-28,Plains Pharma,TUL,MEM,P,492.1,43.3,TUL>SGF>MEM,4,143.91,80.0,56.0,19.57,155.57,-11.66,-8.1,TUL>SGF:$8.11;SGF>MEM:$11.46
SH00238,2026-09-28,Crossroads Retail,MKC,STL,P,314.5,26.0,MKC>MEM>SGF>STL,6,70.11,80.0,84.0,23.45,187.45,-117.34,-167.4,MKC>MEM:$11.21;MEM>SGF:$6.88;SGF>STL:$5.36
SH00239,2026-09-28,Midwest Apparel,MKC,MEM,E,267.2,35.9,MKC>MEM,2,72.49,80.0,28.0,15.48,123.48,-50.99,-70.3,MKC>MEM:$15.48
SH00240,2026-09-28,River City Foods,LIT,MEM,P,1647.7,53.3,LIT>MEM,2,435.6,80.0,28.0,10.74,118.74,316.86,72.7,LIT>MEM:$10.74
SH00241,2026-09-28,Ozark Furniture,SGF,TUL,E,822.3,93.9,SGF>TUL,2,162.09,80.0,28.0,17.59,125.59,36.5,22.5,SGF>TUL:$17.59
SH00242,2026-09-28,Ozark Building,SGF,TUL,P,1638.7,83.8,SGF>TUL,2,442.8,80.0,28.0,15.7,123.7,319.1,72.1,SGF>TUL:$15.70
SH00243,2026-09-28,Midwest Apparel,MKC,LIT,P,388.8,44.1,MKC>MEM>LIT,4,107.23,80.0,56.0,27.91,163.91,-56.68,-52.9,MKC>MEM:$19.02;MEM>LIT:$8.89
SH00244,2026-09-28,Paper Mill Supply,STL,MKC,P,1318.9,63.9,STL>SGF>MEM>MKC,6,333.85,80.0,84.0,57.63,221.63,112.22,33.6,STL>SGF:$13.17;SGF>MEM:$16.90;MEM>MKC:$27.56
SH00245,2026-09-28,AutoParts Co,SGF,MEM,E,1038.4,35.8,SGF>MEM,2,240.34,80.0,28.0,9.47,117.47,122.87,51.1,SGF>MEM:$9.47
SH00246,2026-09-28,Midwest Apparel,MKC,MEM,E,688.3,79.0,MKC>MEM,2,194.75,80.0,28.0,34.07,142.07,52.68,27.0,MKC>MEM:$34.07
SH00247,2026-09-28,Midwest Apparel,MKC,SGF,E,320.7,46.4,MKC>MEM>SGF,4,80.15,80.0,56.0,32.29,168.29,-88.14,-110.0,MKC>MEM:$20.01;MEM>SGF:$12.28
SH00248,2026-09-28,Tulsa Beverage,TUL,STL,P,575.6,20.9,TUL>SGF>STL,4,161.38,80.0,56.0,8.22,144.22,17.16,10.6,TUL>SGF:$3.92;SGF>STL:$4.31
SH00249,2026-09-28,Gateway Electronics,STL,SGF,E,587.2,57.8,STL>SGF,2,114.04,80.0,28.0,11.91,119.91,-5.87,-5.1,STL>SGF:$11.91
SH00250,2026-09-28,Ozark Furniture,SGF,TUL,P,1065.1,178.9,SGF>TUL,2,243.61,80.0,28.0,33.52,141.52,102.09,41.9,SGF>TUL:$33.52
SH00251,2026-09-28,Tulsa Beverage,TUL,SGF,E,1397.4,58.6,TUL>SGF,2,292.99,80.0,28.0,10.98,118.98,174.01,59.4,TUL>SGF:$10.98
SH00252,2026-09-28,Ozark Building,SGF,STL,E,1745.8,95.6,SGF>STL,2,374.71,80.0,28.0,19.7,127.7,247.01,65.9,SGF>STL:$19.70
SH00253,2026-09-28,Tulsa Beverage,TUL,STL,P,2165.6,79.6,TUL>SGF>STL,4,584.51,80.0,56.0,31.31,167.31,417.2,71.4,TUL>SGF:$14.91;SGF>STL:$16.40
SH00254,2026-09-28,Ozark Furniture,SGF,TUL,E,800.4,140.2,SGF>TUL,2,130.26,80.0,28.0,26.27,134.27,-4.01,-3.1,SGF>TUL:$26.27
SH00255,2026-09-28,Delta Plastics,MEM,LIT,P,941.4,103.9,MEM>LIT,2,233.08,80.0,28.0,20.94,128.94,104.14,44.7,MEM>LIT:$20.94
SH00256,2026-09-28,Memphis Machinery,MEM,MKC,P,2017.7,85.2,MEM>MKC,2,591.24,80.0,28.0,36.75,144.75,446.49,75.5,MEM>MKC:$36.75
SH00257,2026-09-28,Delta Plastics,MEM,MKC,P,735.2,61.0,MEM>MKC,2,221.83,80.0,28.0,26.31,134.31,87.52,39.5,MEM>MKC:$26.31
SH00258,2026-09-28,Tulsa Beverage,TUL,SGF,P,1430.8,47.3,TUL>SGF,2,390.05,80.0,28.0,8.86,116.86,273.19,70.0,TUL>SGF:$8.86
SH00259,2026-09-28,Midwest Apparel,MKC,LIT,P,352.2,42.7,MKC>MEM>LIT,4,108.65,80.0,56.0,27.02,163.02,-54.37,-50.0,MKC>MEM:$18.42;MEM>LIT:$8.60
SH00260,2026-09-28,AutoParts Co,SGF,STL,P,1345.2,59.6,SGF>STL,2,361.87,80.0,28.0,12.28,120.28,241.59,66.8,SGF>STL:$12.28
SH00261,2026-09-28,Tulsa Beverage,TUL,SGF,P,1115.9,45.3,TUL>SGF,2,262.96,80.0,28.0,8.49,116.49,146.47,55.7,TUL>SGF:$8.49
SH00262,2026-09-28,Paper Mill Supply,STL,TUL,E,703.8,39.3,STL>SGF>TUL,4,175.23,80.0,56.0,15.46,151.46,23.77,13.6,STL>SGF:$8.10;SGF>TUL:$7.36
SH00263,2026-09-28,Bluff City Apparel,MEM,LIT,P,418.1,59.5,MEM>LIT,2,116.2,80.0,28.0,11.99,119.99,-3.79,-3.3,MEM>LIT:$11.99
SH00264,2026-09-28,Ozark Building,SGF,STL,E,2080.6,110.8,SGF>STL,2,508.41,80.0,28.0,22.83,130.83,377.58,74.3,SGF>STL:$22.83
SH00265,2026-09-28,AutoParts Co,SGF,STL,P,1149.7,47.9,SGF>STL,2,331.75,80.0,28.0,9.87,117.87,213.88,64.5,SGF>STL:$9.87
SH00266,2026-09-28,Paper Mill Supply,STL,TUL,P,722.1,36.6,STL>SGF>TUL,4,197.33,80.0,56.0,14.4,150.4,46.93,23.8,STL>SGF:$7.54;SGF>TUL:$6.86
SH00267,2026-09-28,Paper Mill Supply,STL,MKC,P,1618.8,90.4,STL>SGF>MEM>MKC,6,478.72,80.0,84.0,81.53,245.53,233.19,48.7,STL>SGF:$18.62;SGF>MEM:$23.92;MEM>MKC:$38.99
SH00268,2026-09-28,AutoParts Co,SGF,TUL,E,839.1,35.6,SGF>TUL,2,178.97,80.0,28.0,6.67,114.67,64.3,35.9,SGF>TUL:$6.67
SH00269,2026-09-28,Memphis Machinery,MEM,STL,P,764.4,35.2,MEM>STL,2,209.44,80.0,28.0,61.25,169.25,40.19,19.2,MEM>STL:$61.25
SH00270,2026-09-28,Midwest Apparel,MKC,SGF,P,412.5,60.9,MKC>MEM>SGF,4,110.55,80.0,56.0,42.38,178.38,-67.83,-61.4,MKC>MEM:$26.27;MEM>SGF:$16.11
SH00271,2026-09-28,Delta Plastics,MEM,SGF,P,493.0,64.4,MEM>SGF,2,141.52,80.0,28.0,17.04,125.04,16.48,11.6,MEM>SGF:$17.04
SH00272,2026-09-28,Plains Pharma,TUL,MKC,P,415.9,39.9,TUL>SGF>MEM>MKC,6,102.96,80.0,84.0,35.24,199.24,-96.28,-93.5,TUL>SGF:$7.48;SGF>MEM:$10.56;MEM>MKC:$17.21
SH00273,2026-09-28,Delta Plastics,MEM,STL,P,574.1,48.4,MEM>STL,2,183.42,80.0,28.0,84.22,192.22,-8.8,-4.8,MEM>STL:$84.22
SH00274,2026-09-28,Tulsa Beverage,TUL,MKC,P,1235.5,43.2,TUL>SGF>MEM>MKC,6,354.55,80.0,84.0,38.16,202.16,152.39,43.0,TUL>SGF:$8.09;SGF>MEM:$11.43;MEM>MKC:$18.63
SH00275,2026-09-28,Bluff City Apparel,MEM,MKC,P,80.0,9.1,MEM>MKC,2,23.34,80.0,28.0,3.93,111.93,-88.59,-379.5,MEM>MKC:$3.93
SH00276,2026-09-28,River City Foods,LIT,MEM,P,1077.0,38.3,LIT>MEM,2,244.85,80.0,28.0,7.72,115.72,129.13,52.7,LIT>MEM:$7.72
SH00277,2026-09-28,Delta Plastics,MEM,STL,E,709.2,78.1,MEM>SGF>STL,4,159.67,80.0,56.0,36.75,172.75,-13.08,-8.2,MEM>SGF:$20.66;SGF>STL:$16.09
SH00278,2026-09-28,Ozark Building,SGF,STL,E,1215.4,69.5,SGF>STL,2,248.87,80.0,28.0,14.32,122.32,126.55,50.9,SGF>STL:$14.32
SH00279,2026-09-28,Tulsa Beverage,TUL,STL,P,1336.8,42.1,TUL>SGF>STL,4,374.2,80.0,56.0,16.56,152.56,221.64,59.2,TUL>SGF:$7.89;SGF>STL:$8.67
SH00280,2026-09-28,AutoParts Co,SGF,TUL,P,897.4,39.7,SGF>TUL,2,216.05,80.0,28.0,7.44,115.44,100.61,46.6,SGF>TUL:$7.44
SH00281,2026-09-28,AutoParts Co,SGF,MKC,P,1342.3,68.8,SGF>MKC,2,364.64,80.0,28.0,80.77,188.77,175.87,48.2,SGF>MKC:$80.77
SH00282,2026-09-28,Paper Mill Supply,STL,SGF,E,906.4,44.1,STL>SGF,2,236.87,80.0,28.0,9.09,117.09,119.78,50.6,STL>SGF:$9.09
SH00283,2026-09-28,Ozark Furniture,SGF,MEM,E,442.6,65.7,SGF>MEM,2,96.88,80.0,28.0,17.38,125.38,-28.5,-29.4,SGF>MEM:$17.38
SH00284,2026-09-28,Plains Pharma,TUL,MEM,P,411.9,41.2,TUL>SGF>MEM,4,113.65,80.0,56.0,18.62,154.62,-40.97,-36.0,TUL>SGF:$7.72;SGF>MEM:$10.90
SH00285,2026-09-28,Paper Mill Supply,STL,SGF,P,1409.5,78.9,STL>SGF,2,385.45,80.0,28.0,16.26,124.26,261.19,67.8,STL>SGF:$16.26
SH00286,2026-09-28,Memphis Machinery,MEM,STL,P,1642.8,65.4,MEM>STL,2,447.69,80.0,28.0,113.81,221.81,225.88,50.5,MEM>STL:$113.81
SH00287,2026-09-28,Ozark Furniture,SGF,STL,E,664.6,103.6,SGF>STL,2,114.26,80.0,28.0,21.34,129.34,-15.08,-13.2,SGF>STL:$21.34
SH00288,2026-09-28,Midwest Apparel,MKC,MEM,E,933.3,121.4,MKC>MEM,2,205.62,80.0,28.0,52.36,160.36,45.26,22.0,MKC>MEM:$52.36
SH00289,2026-09-28,Plains Pharma,TUL,LIT,E,329.4,30.4,TUL>SGF>MEM>LIT,6,69.41,80.0,84.0,19.86,183.86,-114.45,-164.9,TUL>SGF:$5.70;SGF>MEM:$8.04;MEM>LIT:$6.13
SH00290,2026-09-28,Delta Plastics,MEM,LIT,E,380.4,45.0,MEM>LIT,2,81.59,80.0,28.0,9.07,117.07,-35.48,-43.5,MEM>LIT:$9.07
SH00291,2026-09-28,Midwest Apparel,MKC,MEM,P,944.0,111.6,MKC>MEM,2,287.35,80.0,28.0,48.14,156.14,131.21,45.7,MKC>MEM:$48.14
SH00292,2026-09-28,Crossroads Retail,MKC,LIT,E,731.9,63.6,MKC>MEM>LIT,4,195.61,80.0,56.0,40.25,176.25,19.36,9.9,MKC>MEM:$27.43;MEM>LIT:$12.82
SH00293,2026-09-28,Delta Plastics,MEM,STL,P,777.0,93.0,MEM>STL,2,212.53,80.0,28.0,161.84,269.84,-57.31,-27.0,MEM>STL:$161.84
SH00294,2026-09-28,Midwest Apparel,MKC,MEM,P,900.1,102.6,MKC>MEM,2,285.04,80.0,28.0,44.25,152.25,132.79,46.6,MKC>MEM:$44.25
SH00295,2026-09-28,Crossroads Retail,MKC,MEM,E,912.7,91.4,MKC>MEM,2,202.64,80.0,28.0,39.42,147.42,55.22,27.2,MKC>MEM:$39.42
SH00296,2026-09-28,River City Foods,LIT,MEM,P,1431.9,52.8,LIT>MEM,2,349.07,80.0,28.0,10.64,118.64,230.43,66.0,LIT>MEM:$10.64
SH00297,2026-09-28,River City Foods,LIT,SGF,E,1517.3,47.7,LIT>MEM>SGF,4,386.48,80.0,56.0,22.23,158.23,228.25,59.1,LIT>MEM:$9.61;MEM>SGF:$12.62
SH00298,2026-09-28,AutoParts Co,SGF,MEM,E,1187.2,55.8,SGF>MEM,2,310.21,80.0,28.0,14.76,122.76,187.45,60.4,SGF>MEM:$14.76
SH00299,2026-09-28,Memphis Machinery,MEM,STL,E,1895.9,79.8,MEM>SGF>STL,4,403.86,80.0,56.0,37.55,173.55,230.31,57.0,MEM>SGF:$21.11;SGF>STL:$16.44
SH00300,2026-09-28,Paper Mill Supply,STL,MKC,P,1014.5,47.9,STL>SGF>MEM>MKC,6,276.94,80.0,84.0,43.2,207.2,69.74,25.2,STL>SGF:$9.87;SGF>MEM:$12.67;MEM>MKC:$20.66
SH00301,2026-09-28,Bluff City Apparel,MEM,TUL,E,871.7,116.2,MEM>SGF>TUL,4,235.12,80.0,56.0,52.51,188.51,46.61,19.8,MEM>SGF:$30.74;SGF>TUL:$21.77
SH00302,2026-09-28,KC Food Dist,MKC,TUL,P,843.0,24.9,MKC>MEM>SGF>TUL,6,236.31,80.0,84.0,21.99,185.99,50.32,21.3,MKC>MEM:$10.74;MEM>SGF:$6.59;SGF>TUL:$4.67
SH00303,2026-09-28,Tulsa Beverage,TUL,STL,E,1890.0,78.1,TUL>SGF>STL,4,488.97,80.0,56.0,30.72,166.72,322.25,65.9,TUL>SGF:$14.63;SGF>STL:$16.09
SH00304,2026-09-28,Tulsa Beverage,TUL,MKC,E,1186.8,40.1,TUL>SGF>MEM>MKC,6,287.27,80.0,84.0,35.42,199.42,87.85,30.6,TUL>SGF:$7.51;SGF>MEM:$10.61;MEM>MKC:$17.30
SH00305,2026-09-28,Delta Plastics,MEM,STL,P,582.9,71.9,MEM>STL,2,156.9,80.0,28.0,125.12,233.12,-76.22,-48.6,MEM>STL:$125.12
SH00306,2026-09-28,AutoParts Co,SGF,MEM,P,407.2,18.5,SGF>MEM,2,108.57,80.0,28.0,4.89,112.89,-4.32,-4.0,SGF>MEM:$4.89
SH00307,2026-09-28,Tulsa Beverage,TUL,STL,P,1142.0,44.6,TUL>SGF>STL,4,322.08,80.0,56.0,17.55,153.55,168.53,52.3,TUL>SGF:$8.36;SGF>STL:$9.19
SH00308,2026-09-28,River City Foods,LIT,TUL,P,1496.5,55.6,LIT>MEM>SGF>TUL,6,362.11,80.0,84.0,36.33,200.33,161.78,44.7,LIT>MEM:$11.20;MEM>SGF:$14.71;SGF>TUL:$10.42
SH00309,2026-09-28,Midwest Apparel,MKC,MEM,P,446.3,58.4,MKC>MEM,2,127.88,80.0,28.0,25.19,133.19,-5.31,-4.2,MKC>MEM:$25.19
SH00310,2026-09-28,Midwest Apparel,MKC,SGF,E,119.6,12.4,MKC>MEM>SGF,4,32.26,80.0,56.0,8.63,144.63,-112.37,-348.3,MKC>MEM:$5.35;MEM>SGF:$3.28
SH00311,2026-09-28,Delta Plastics,MEM,SGF,E,902.8,99.8,MEM>SGF,2,213.55,80.0,28.0,26.4,134.4,79.15,37.1,MEM>SGF:$26.40
SH00312,2026-09-28,Ozark Building,SGF,TUL,E,1005.6,59.3,SGF>TUL,2,211.08,80.0,28.0,11.11,119.11,91.97,43.6,SGF>TUL:$11.11
SH00313,2026-09-28,Ozark Building,SGF,TUL,E,1545.6,78.8,SGF>TUL,2,284.33,80.0,28.0,14.76,122.76,161.57,56.8,SGF>TUL:$14.76
SH00314,2026-09-28,KC Food Dist,MKC,MEM,E,1209.2,38.7,MKC>MEM,2,281.66,80.0,28.0,16.69,124.69,156.97,55.7,MKC>MEM:$16.69
SH00315,2026-09-28,Plains Pharma,TUL,MEM,E,398.0,32.3,TUL>SGF>MEM,4,94.58,80.0,56.0,14.6,150.6,-56.02,-59.2,TUL>SGF:$6.05;SGF>MEM:$8.55
SH00316,2026-09-28,Tulsa Beverage,TUL,SGF,P,1865.3,63.7,TUL>SGF,2,496.0,80.0,28.0,11.94,119.94,376.06,75.8,TUL>SGF:$11.94
SH00317,2026-09-28,AutoParts Co,SGF,STL,P,992.7,47.8,SGF>STL,2,230.93,80.0,28.0,9.85,117.85,113.08,49.0,SGF>STL:$9.85
SH00318,2026-09-28,Plains Pharma,TUL,STL,P,363.1,24.3,TUL>SGF>STL,4,110.4,80.0,56.0,9.56,145.56,-35.16,-31.8,TUL>SGF:$4.55;SGF>STL:$5.01
SH00319,2026-09-28,Paper Mill Supply,STL,SGF,E,538.4,25.1,STL>SGF,2,119.2,80.0,28.0,5.17,113.17,6.03,5.1,STL>SGF:$5.17
SH00320,2026-09-28,Tulsa Beverage,TUL,LIT,E,1837.3,68.6,TUL>SGF>MEM>LIT,6,437.95,80.0,84.0,44.83,208.83,229.12,52.3,TUL>SGF:$12.85;SGF>MEM:$18.15;MEM>LIT:$13.82
SH00321,2026-09-28,Memphis Machinery,MEM,TUL,P,1849.4,69.4,MEM>SGF>TUL,4,562.21,80.0,56.0,31.36,167.36,394.85,70.2,MEM>SGF:$18.36;SGF>TUL:$13.00
SH00322,2026-09-28,Ozark Furniture,SGF,TUL,P,205.9,27.1,SGF>TUL,2,55.97,80.0,28.0,5.08,113.08,-57.11,-102.0,SGF>TUL:$5.08
SH00323,2026-09-28,Tulsa Beverage,TUL,SGF,P,972.0,41.4,TUL>SGF,2,217.88,80.0,28.0,7.76,115.76,102.12,46.9,TUL>SGF:$7.76
SH00324,2026-09-28,Ozark Furniture,SGF,STL,P,713.0,102.5,SGF>STL,2,195.8,80.0,28.0,21.12,129.12,66.68,34.1,SGF>STL:$21.12
SH00325,2026-09-28,AutoParts Co,SGF,LIT,P,977.7,48.9,SGF>MEM>LIT,4,316.28,80.0,56.0,22.79,158.79,157.49,49.8,SGF>MEM:$12.94;MEM>LIT:$9.85
SH00326,2026-09-28,KC Food Dist,MKC,SGF,E,814.2,28.8,MKC>MEM>SGF,4,201.55,80.0,56.0,20.04,156.04,45.51,22.6,MKC>MEM:$12.42;MEM>SGF:$7.62
SH00327,2026-09-28,KC Food Dist,MKC,MEM,P,1511.0,56.9,MKC>MEM,2,449.88,80.0,28.0,24.54,132.54,317.34,70.5,MKC>MEM:$24.54
SH00328,2026-09-28,Ozark Furniture,SGF,MKC,E,307.5,37.6,SGF>MKC,2,73.05,80.0,28.0,44.14,152.14,-79.09,-108.3,SGF>MKC:$44.14
SH00329,2026-09-28,Paper Mill Supply,STL,SGF,E,564.3,36.7,STL>SGF,2,113.3,80.0,28.0,7.56,115.56,-2.26,-2.0,STL>SGF:$7.56
SH00330,2026-09-28,Ozark Building,SGF,MEM,P,1295.0,68.9,SGF>MEM,2,411.3,80.0,28.0,18.23,126.23,285.07,69.3,SGF>MEM:$18.23
SH00331,2026-09-28,Gateway Electronics,STL,LIT,P,433.6,46.0,STL>SGF>MEM>LIT,6,137.82,80.0,84.0,30.92,194.92,-57.1,-41.4,STL>SGF:$9.48;SGF>MEM:$12.17;MEM>LIT:$9.27
SH00332,2026-09-28,Bluff City Apparel,MEM,STL,P,586.5,79.7,MEM>STL,2,188.31,80.0,28.0,138.69,246.69,-58.38,-31.0,MEM>STL:$138.69
SH00333,2026-09-28,Plains Pharma,TUL,STL,E,459.4,32.0,TUL>SGF>STL,4,120.65,80.0,56.0,12.59,148.59,-27.94,-23.2,TUL>SGF:$6.00;SGF>STL:$6.59
SH00334,2026-09-28,Midwest Apparel,MKC,SGF,E,407.6,47.5,MKC>MEM>SGF,4,108.04,80.0,56.0,33.05,169.05,-61.01,-56.5,MKC>MEM:$20.49;MEM>SGF:$12.57
SH00335,2026-09-28,Paper Mill Supply,STL,SGF,E,810.1,48.5,STL>SGF,2,180.57,80.0,28.0,9.99,117.99,62.58,34.7,STL>SGF:$9.99
SH00336,2026-09-28,AutoParts Co,SGF,MEM,P,1311.8,50.7,SGF>MEM,2,343.35,80.0,28.0,13.41,121.41,221.94,64.6,SGF>MEM:$13.41
SH00337,2026-09-28,Gateway Electronics,STL,SGF,P,625.7,68.4,STL>SGF,2,163.14,80.0,28.0,14.09,122.09,41.05,25.2,STL>SGF:$14.09
SH00338,2026-09-28,River City Foods,LIT,SGF,E,602.0,22.0,LIT>MEM>SGF,4,152.8,80.0,56.0,10.25,146.25,6.55,4.3,LIT>MEM:$4.43;MEM>SGF:$5.82
SH00339,2026-09-28,KC Food Dist,MKC,MEM,P,1192.9,42.5,MKC>MEM,2,359.62,80.0,28.0,18.33,126.33,233.29,64.9,MKC>MEM:$18.33
SH00340,2026-09-28,AutoParts Co,SGF,MEM,E,1052.2,45.0,SGF>MEM,2,228.94,80.0,28.0,11.9,119.9,109.04,47.6,SGF>MEM:$11.90
SH00341,2026-09-28,River City Foods,LIT,SGF,P,1685.5,66.9,LIT>MEM>SGF,4,511.99,80.0,56.0,31.18,167.18,344.81,67.3,LIT>MEM:$13.48;MEM>SGF:$17.70
SH00342,2026-09-28,KC Food Dist,MKC,MEM,P,1374.4,48.8,MKC>MEM,2,455.86,80.0,28.0,21.05,129.05,326.81,71.7,MKC>MEM:$21.05
SH00343,2026-09-28,KC Food Dist,MKC,TUL,P,2116.2,64.7,MKC>MEM>SGF>TUL,6,589.11,80.0,84.0,57.15,221.15,367.96,62.5,MKC>MEM:$27.91;MEM>SGF:$17.12;SGF>TUL:$12.12
SH00344,2026-09-28,Memphis Machinery,MEM,SGF,P,2176.0,85.9,MEM>SGF,2,565.44,80.0,28.0,22.72,130.72,434.72,76.9,MEM>SGF:$22.72
SH00345,2026-09-28,Plains Pharma,TUL,SGF,P,841.7,71.4,TUL>SGF,2,211.25,80.0,28.0,13.38,121.38,89.87,42.5,TUL>SGF:$13.38
SH00346,2026-09-28,Ozark Furniture,SGF,MEM,P,576.8,78.5,SGF>MEM,2,152.45,80.0,28.0,20.77,128.77,23.68,15.5,SGF>MEM:$20.77
SH00347,2026-09-28,Midwest Apparel,MKC,STL,E,1141.3,160.8,MKC>MEM>SGF>STL,6,242.79,80.0,84.0,145.03,309.03,-66.24,-27.3,MKC>MEM:$69.36;MEM>SGF:$42.54;SGF>STL:$33.13
SH00348,2026-09-28,KC Food Dist,MKC,LIT,P,1686.2,55.0,MKC>MEM>LIT,4,543.14,80.0,56.0,34.81,170.81,372.33,68.6,MKC>MEM:$23.72;MEM>LIT:$11.08
SH00349,2026-09-28,AutoParts Co,SGF,TUL,P,1290.2,62.3,SGF>TUL,2,339.04,80.0,28.0,11.67,119.67,219.37,64.7,SGF>TUL:$11.67
SH00350,2026-09-28,Ozark Furniture,SGF,MKC,E,962.0,153.7,SGF>MKC,2,231.89,80.0,28.0,180.43,288.43,-56.54,-24.4,SGF>MKC:$180.43
SH00351,2026-09-28,Delta Plastics,MEM,LIT,P,439.6,56.6,MEM>LIT,2,113.3,80.0,28.0,11.41,119.41,-6.11,-5.4,MEM>LIT:$11.41
SH00352,2026-09-28,Midwest Apparel,MKC,MEM,P,556.0,72.8,MKC>MEM,2,162.63,80.0,28.0,31.4,139.4,23.23,14.3,MKC>MEM:$31.40
SH00353,2026-09-28,Delta Plastics,MEM,MKC,P,767.7,77.8,MEM>MKC,2,210.27,80.0,28.0,33.56,141.56,68.71,32.7,MEM>MKC:$33.56
SH00354,2026-09-28,Tulsa Beverage,TUL,SGF,E,1906.0,77.1,TUL>SGF,2,477.4,80.0,28.0,14.45,122.45,354.95,74.4,TUL>SGF:$14.45
SH00355,2026-09-28,Midwest Apparel,MKC,MEM,P,1039.0,120.6,MKC>MEM,2,335.34,80.0,28.0,52.02,160.02,175.32,52.3,MKC>MEM:$52.02
SH00356,2026-09-28,River City Foods,LIT,MKC,P,1208.4,48.5,LIT>MEM>MKC,4,350.09,80.0,56.0,30.69,166.69,183.4,52.4,LIT>MEM:$9.77;MEM>MKC:$20.92
SH00357,2026-09-28,River City Foods,LIT,SGF,E,479.5,16.0,LIT>MEM>SGF,4,118.67,80.0,56.0,7.46,143.46,-24.79,-20.9,LIT>MEM:$3.22;MEM>SGF:$4.23
SH00358,2026-09-28,AutoParts Co,SGF,STL,P,946.4,35.5,SGF>STL,2,256.32,80.0,28.0,7.31,115.31,141.01,55.0,SGF>STL:$7.31
SH00359,2026-09-28,Paper Mill Supply,STL,SGF,P,1076.4,65.2,STL>SGF,2,263.31,80.0,28.0,13.43,121.43,141.88,53.9,STL>SGF:$13.43
SH00360,2026-09-28,Gateway Electronics,STL,SGF,P,542.3,59.4,STL>SGF,2,151.71,80.0,28.0,12.24,120.24,31.47,20.7,STL>SGF:$12.24
SH00361,2026-09-28,Gateway Electronics,STL,SGF,P,408.7,36.0,STL>SGF,2,104.45,80.0,28.0,7.42,115.42,-10.97,-10.5,STL>SGF:$7.42
SH00362,2026-09-28,Tulsa Beverage,TUL,SGF,E,1356.5,48.4,TUL>SGF,2,292.3,80.0,28.0,9.07,117.07,175.23,59.9,TUL>SGF:$9.07
SH00363,2026-09-28,Plains Pharma,TUL,SGF,P,292.8,20.3,TUL>SGF,2,77.08,80.0,28.0,3.8,111.8,-34.72,-45.0,TUL>SGF:$3.80
SH00364,2026-09-28,River City Foods,LIT,MEM,E,1205.1,39.7,LIT>MEM,2,219.29,80.0,28.0,8.0,116.0,103.29,47.1,LIT>MEM:$8.00
SH00365,2026-09-28,KC Food Dist,MKC,SGF,P,527.9,17.1,MKC>MEM>SGF,4,146.68,80.0,56.0,11.9,147.9,-1.22,-0.8,MKC>MEM:$7.38;MEM>SGF:$4.52
SH00366,2026-09-28,AutoParts Co,SGF,MEM,P,363.5,18.1,SGF>MEM,2,108.72,80.0,28.0,4.79,112.79,-4.07,-3.7,SGF>MEM:$4.79
SH00367,2026-09-28,Ozark Furniture,SGF,LIT,E,632.9,84.4,SGF>MEM>LIT,4,154.52,80.0,56.0,39.34,175.34,-20.82,-13.5,SGF>MEM:$22.33;MEM>LIT:$17.01
SH00368,2026-09-28,Gateway Electronics,STL,TUL,E,753.5,83.3,STL>SGF>TUL,4,195.17,80.0,56.0,32.77,168.77,26.4,13.5,STL>SGF:$17.16;SGF>TUL:$15.61
SH00369,2026-09-28,Paper Mill Supply,STL,LIT,P,1224.7,73.5,STL>SGF>MEM>LIT,6,391.41,80.0,84.0,49.4,213.4,178.01,45.5,STL>SGF:$15.14;SGF>MEM:$19.44;MEM>LIT:$14.81
SH00370,2026-09-28,Ozark Furniture,SGF,MEM,P,505.3,69.7,SGF>MEM,2,137.44,80.0,28.0,18.44,126.44,11.0,8.0,SGF>MEM:$18.44
SH00371,2026-09-28,Memphis Machinery,MEM,MKC,P,1432.4,52.7,MEM>MKC,2,414.67,80.0,28.0,22.73,130.73,283.94,68.5,MEM>MKC:$22.73
SH00372,2026-09-28,AutoParts Co,SGF,STL,E,846.7,33.9,SGF>STL,2,189.81,80.0,28.0,6.98,114.98,74.83,39.4,SGF>STL:$6.98
SH00373,2026-09-28,AutoParts Co,SGF,MEM,E,874.3,34.6,SGF>MEM,2,209.45,80.0,28.0,9.15,117.15,92.3,44.1,SGF>MEM:$9.15
SH00374,2026-09-28,Ozark Building,SGF,MKC,E,1382.3,70.9,SGF>MKC,2,351.07,80.0,28.0,83.23,191.23,159.84,45.5,SGF>MKC:$83.23
SH00375,2026-09-28,Ozark Building,SGF,LIT,E,1369.0,80.5,SGF>MEM>LIT,4,392.27,80.0,56.0,37.52,173.52,218.75,55.8,SGF>MEM:$21.30;MEM>LIT:$16.22
SH00376,2026-09-28,Ozark Building,SGF,LIT,E,1615.0,81.1,SGF>MEM>LIT,4,407.48,80.0,56.0,37.8,173.8,233.68,57.3,SGF>MEM:$21.46;MEM>LIT:$16.34
SH00377,2026-09-28,Midwest Apparel,MKC,SGF,P,701.6,96.9,MKC>MEM>SGF,4,196.86,80.0,56.0,67.43,203.43,-6.57,-3.3,MKC>MEM:$41.80;MEM>SGF:$25.64
SH00378,2026-09-28,Crossroads Retail,MKC,MEM,E,937.4,79.5,MKC>MEM,2,247.01,80.0,28.0,34.29,142.29,104.72,42.4,MKC>MEM:$34.29
SH00379,2026-09-28,River City Foods,LIT,TUL,E,992.5,36.3,LIT>MEM>SGF>TUL,6,214.83,80.0,84.0,23.72,187.72,27.11,12.6,LIT>MEM:$7.32;MEM>SGF:$9.60;SGF>TUL:$6.80
SH00380,2026-09-28,Paper Mill Supply,STL,LIT,E,102.5,6.4,STL>SGF>MEM>LIT,6,23.06,80.0,84.0,4.3,168.3,-145.24,-629.8,STL>SGF:$1.32;SGF>MEM:$1.69;MEM>LIT:$1.29
SH00381,2026-09-28,River City Foods,LIT,STL,E,960.7,39.7,LIT>MEM>SGF>STL,6,239.59,80.0,84.0,26.68,190.68,48.91,20.4,LIT>MEM:$8.00;MEM>SGF:$10.50;SGF>STL:$8.18
SH00382,2026-09-28,Memphis Machinery,MEM,SGF,P,1871.2,82.6,MEM>SGF,2,566.57,80.0,28.0,21.85,129.85,436.72,77.1,MEM>SGF:$21.85
SH00383,2026-09-28,Tulsa Beverage,TUL,STL,E,2312.5,74.8,TUL>SGF>STL,4,574.11,80.0,56.0,29.43,165.43,408.68,71.2,TUL>SGF:$14.02;SGF>STL:$15.41
SH00384,2026-09-28,KC Food Dist,MKC,SGF,E,2149.7,76.3,MKC>MEM>SGF,4,455.13,80.0,56.0,53.1,189.1,266.03,58.5,MKC>MEM:$32.91;MEM>SGF:$20.19
SH00385,2026-09-28,AutoParts Co,SGF,TUL,P,1298.1,60.3,SGF>TUL,2,337.77,80.0,28.0,11.3,119.3,218.47,64.7,SGF>TUL:$11.30
SH00386,2026-09-28,Paper Mill Supply,STL,SGF,E,1141.0,54.6,STL>SGF,2,239.06,80.0,28.0,11.25,119.25,119.81,50.1,STL>SGF:$11.25
SH00387,2026-09-28,Gateway Electronics,STL,MEM,P,475.0,46.3,STL>SGF>MEM,4,132.4,80.0,56.0,21.79,157.79,-25.39,-19.2,STL>SGF:$9.54;SGF>MEM:$12.25
SH00388,2026-09-28,Memphis Machinery,MEM,MKC,E,1995.4,89.9,MEM>MKC,2,471.67,80.0,28.0,38.78,146.78,324.89,68.9,MEM>MKC:$38.78
SH00389,2026-09-28,Ozark Building,SGF,STL,E,1314.2,70.9,SGF>STL,2,283.37,80.0,28.0,14.61,122.61,160.76,56.7,SGF>STL:$14.61
SH00390,2026-09-28,Midwest Apparel,MKC,TUL,P,673.5,81.9,MKC>MEM>SGF>TUL,6,186.49,80.0,84.0,72.34,236.34,-49.85,-26.7,MKC>MEM:$35.33;MEM>SGF:$21.67;SGF>TUL:$15.35
SH00391,2026-09-28,River City Foods,LIT,MEM,P,1561.1,62.5,LIT>MEM,2,382.07,80.0,28.0,12.59,120.59,261.48,68.4,LIT>MEM:$12.59
SH00392,2026-09-28,Gateway Electronics,STL,SGF,P,554.8,55.2,STL>SGF,2,140.32,80.0,28.0,11.37,119.37,20.95,14.9,STL>SGF:$11.37
SH00393,2026-09-28,Paper Mill Supply,STL,TUL,E,1042.2,60.1,STL>SGF>TUL,4,277.6,80.0,56.0,23.64,159.64,117.96,42.5,STL>SGF:$12.38;SGF>TUL:$11.26
SH00394,2026-09-28,AutoParts Co,SGF,TUL,P,291.1,13.8,SGF>TUL,2,76.83,80.0,28.0,2.59,110.59,-33.76,-43.9,SGF>TUL:$2.59
SH00395,2026-09-28,AutoParts Co,SGF,TUL,P,1134.7,45.1,SGF>TUL,2,327.14,80.0,28.0,8.45,116.45,210.69,64.4,SGF>TUL:$8.45
SH00396,2026-09-28,Tulsa Beverage,TUL,MKC,P,1974.6,65.2,TUL>SGF>MEM>MKC,6,563.39,80.0,84.0,57.59,221.59,341.8,60.7,TUL>SGF:$12.22;SGF>MEM:$17.25;MEM>MKC:$28.12
SH00397,2026-09-28,AutoParts Co,SGF,TUL,P,1062.6,51.3,SGF>TUL,2,237.18,80.0,28.0,9.61,117.61,119.57,50.4,SGF>TUL:$9.61
SH00398,2026-09-28,Memphis Machinery,MEM,MKC,P,1268.1,47.7,MEM>MKC,2,320.21,80.0,28.0,20.57,128.57,191.64,59.8,MEM>MKC:$20.57
SH00399,2026-09-28,KC Food Dist,MKC,MEM,P,1622.6,56.9,MKC>MEM,2,577.7,80.0,28.0,24.54,132.54,445.16,77.1,MKC>MEM:$24.54
SH00400,2026-09-28,AutoParts Co,SGF,STL,E,1018.3,39.7,SGF>STL,2,230.33,80.0,28.0,8.18,116.18,114.15,49.6,SGF>STL:$8.18
SH00401,2026-09-28,Plains Pharma,TUL,LIT,P,391.7,28.2,TUL>SGF>MEM>LIT,6,113.54,80.0,84.0,18.43,182.43,-68.89,-60.7,TUL>SGF:$5.28;SGF>MEM:$7.46;MEM>LIT:$5.68
SH00402,2026-09-28,Plains Pharma,TUL,SGF,E,536.5,49.7,TUL>SGF,2,116.93,80.0,28.0,9.31,117.31,-0.38,-0.3,TUL>SGF:$9.31
SH00403,2026-09-28,Memphis Machinery,MEM,SGF,P,2312.5,81.1,MEM>SGF,2,683.49,80.0,28.0,21.46,129.46,554.03,81.1,MEM>SGF:$21.46
SH00404,2026-09-28,Ozark Furniture,SGF,STL,E,1094.6,124.5,SGF>STL,2,232.08,80.0,28.0,25.65,133.65,98.43,42.4,SGF>STL:$25.65
SH00405,2026-09-28,Bluff City Apparel,MEM,MKC,E,364.2,48.9,MEM>MKC,2,89.45,80.0,28.0,21.09,129.09,-39.64,-44.3,MEM>MKC:$21.09
SH00406,2026-09-28,Paper Mill Supply,STL,SGF,E,1535.7,80.1,STL>SGF,2,355.65,80.0,28.0,16.5,124.5,231.15,65.0,STL>SGF:$16.50
SH00407,2026-09-28,River City Foods,LIT,MEM,E,1256.4,37.4,LIT>MEM,2,263.57,80.0,28.0,7.54,115.54,148.03,56.2,LIT>MEM:$7.54
SH00408,2026-09-28,Paper Mill Supply,STL,MKC,P,1625.0,89.6,STL>SGF>MEM>MKC,6,437.61,80.0,84.0,80.81,244.81,192.8,44.1,STL>SGF:$18.46;SGF>MEM:$23.70;MEM>MKC:$38.65
SH00409,2026-09-28,AutoParts Co,SGF,TUL,P,739.7,34.8,SGF>TUL,2,186.93,80.0,28.0,6.52,114.52,72.41,38.7,SGF>TUL:$6.52
SH00410,2026-09-28,Gateway Electronics,STL,MEM,P,170.4,17.1,STL>SGF>MEM,4,46.67,80.0,56.0,8.05,144.05,-97.38,-208.6,STL>SGF:$3.52;SGF>MEM:$4.52
SH00411,2026-09-28,Midwest Apparel,MKC,SGF,P,352.8,34.5,MKC>MEM>SGF,4,108.88,80.0,56.0,24.01,160.01,-51.13,-47.0,MKC>MEM:$14.88;MEM>SGF:$9.13
SH00412,2026-09-28,Midwest Apparel,MKC,TUL,E,671.3,89.2,MKC>MEM>SGF>TUL,6,147.69,80.0,84.0,78.79,242.79,-95.1,-64.4,MKC>MEM:$38.47;MEM>SGF:$23.60;SGF>TUL:$16.71
SH00413,2026-09-28,Plains Pharma,TUL,STL,P,163.4,13.2,TUL>SGF>STL,4,55.21,80.0,56.0,5.19,141.19,-85.98,-155.7,TUL>SGF:$2.47;SGF>STL:$2.72
SH00414,2026-09-28,Tulsa Beverage,TUL,MKC,P,955.4,27.9,TUL>SGF>MEM>MKC,6,287.6,80.0,84.0,24.64,188.64,98.96,34.4,TUL>SGF:$5.23;SGF>MEM:$7.38;MEM>MKC:$12.03
SH00415,2026-09-28,Gateway Electronics,STL,MEM,P,110.7,11.6,STL>SGF>MEM,4,30.49,80.0,56.0,5.46,141.46,-110.97,-364.0,STL>SGF:$2.39;SGF>MEM:$3.07
SH00416,2026-09-28,KC Food Dist,MKC,LIT,E,826.1,25.7,MKC>MEM>LIT,4,215.04,80.0,56.0,16.26,152.26,62.78,29.2,MKC>MEM:$11.09;MEM>LIT:$5.18
SH00417,2026-09-28,AutoParts Co,SGF,MEM,E,826.5,32.5,SGF>MEM,2,195.04,80.0,28.0,8.6,116.6,78.44,40.2,SGF>MEM:$8.60
SH00418,2026-09-28,Tulsa Beverage,TUL,MKC,P,1975.2,71.6,TUL>SGF>MEM>MKC,6,560.71,80.0,84.0,63.24,227.24,333.47,59.5,TUL>SGF:$13.42;SGF>MEM:$18.94;MEM>MKC:$30.88
SH00419,2026-09-28,Delta Plastics,MEM,STL,P,707.6,78.4,MEM>STL,2,221.99,80.0,28.0,136.43,244.43,-22.44,-10.1,MEM>STL:$136.43
SH00420,2026-09-28,Paper Mill Supply,STL,SGF,E,1202.4,56.3,STL>SGF,2,249.06,80.0,28.0,11.6,119.6,129.46,52.0,STL>SGF:$11.60
SH00421,2026-09-28,Plains Pharma,TUL,SGF,P,342.7,37.7,TUL>SGF,2,94.3,80.0,28.0,7.06,115.06,-20.76,-22.0,TUL>SGF:$7.06
SH00422,2026-09-28,River City Foods,LIT,MKC,E,2195.7,101.0,LIT>MEM>MKC,4,518.95,80.0,56.0,63.92,199.92,319.03,61.5,LIT>MEM:$20.35;MEM>MKC:$43.56
SH00423,2026-09-28,Bluff City Apparel,MEM,MKC,P,385.0,46.9,MEM>MKC,2,109.96,80.0,28.0,20.23,128.23,-18.27,-16.6,MEM>MKC:$20.23
SH00424,2026-09-28,KC Food Dist,MKC,STL,E,2232.9,72.4,MKC>MEM>SGF>STL,6,510.24,80.0,84.0,65.3,229.3,280.94,55.1,MKC>MEM:$31.23;MEM>SGF:$19.15;SGF>STL:$14.92
SH00425,2026-09-28,AutoParts Co,SGF,MKC,P,462.6,19.7,SGF>MKC,2,135.06,80.0,28.0,23.13,131.13,3.93,2.9,SGF>MKC:$23.13
SH00426,2026-09-28,Memphis Machinery,MEM,STL,P,2381.1,86.2,MEM>STL,2,716.05,80.0,28.0,150.0,258.0,458.05,64.0,MEM>STL:$150.00
SH00427,2026-09-28,Bluff City Apparel,MEM,TUL,P,353.6,41.5,MEM>SGF>TUL,4,98.68,80.0,56.0,18.75,154.75,-56.07,-56.8,MEM>SGF:$10.98;SGF>TUL:$7.78
SH00428,2026-09-28,KC Food Dist,MKC,LIT,P,1954.6,69.4,MKC>MEM>LIT,4,613.23,80.0,56.0,43.92,179.92,433.31,70.7,MKC>MEM:$29.93;MEM>LIT:$13.99
SH00429,2026-09-28,Gateway Electronics,STL,TUL,E,829.6,85.6,STL>SGF>TUL,4,186.53,80.0,56.0,33.68,169.68,16.85,9.0,STL>SGF:$17.64;SGF>TUL:$16.04
SH00430,2026-09-28,KC Food Dist,MKC,STL,P,1265.3,37.6,MKC>MEM>SGF>STL,6,342.91,80.0,84.0,33.91,197.91,145.0,42.3,MKC>MEM:$16.22;MEM>SGF:$9.95;SGF>STL:$7.75
SH00431,2026-09-28,AutoParts Co,SGF,TUL,E,763.2,31.6,SGF>TUL,2,165.92,80.0,28.0,5.92,113.92,52.0,31.3,SGF>TUL:$5.92
SH00432,2026-09-28,Memphis Machinery,MEM,STL,E,2584.8,94.0,MEM>SGF>STL,4,664.16,80.0,56.0,44.23,180.23,483.93,72.9,MEM>SGF:$24.87;SGF>STL:$19.37
SH00433,2026-09-28,Tulsa Beverage,TUL,LIT,E,1053.5,36.5,TUL>SGF>MEM>LIT,6,280.09,80.0,84.0,23.85,187.85,92.24,32.9,TUL>SGF:$6.84;SGF>MEM:$9.66;MEM>LIT:$7.36
SH00434,2026-09-28,River City Foods,LIT,STL,E,1308.3,49.3,LIT>MEM>SGF>STL,6,330.36,80.0,84.0,33.13,197.13,133.23,40.3,LIT>MEM:$9.93;MEM>SGF:$13.04;SGF>STL:$10.16
SH00435,2026-09-28,Gateway Electronics,STL,TUL,P,644.1,60.5,STL>SGF>TUL,4,192.44,80.0,56.0,23.8,159.8,32.64,17.0,STL>SGF:$12.46;SGF>TUL:$11.34
SH00436,2026-09-28,KC Food Dist,MKC,LIT,P,2139.2,79.5,MKC>MEM>LIT,4,605.95,80.0,56.0,50.31,186.31,419.64,69.3,MKC>MEM:$34.29;MEM>LIT:$16.02
SH00437,2026-09-28,Plains Pharma,TUL,SGF,E,106.9,8.2,TUL>SGF,2,18.87,80.0,28.0,1.54,109.54,-90.67,-480.5,TUL>SGF:$1.54
SH00438,2026-09-28,Ozark Furniture,SGF,MKC,E,1219.7,154.1,SGF>MKC,2,301.19,80.0,28.0,180.9,288.9,12.29,4.1,SGF>MKC:$180.90
SH00439,2026-09-28,Plains Pharma,TUL,MEM,P,521.1,37.0,TUL>SGF>MEM,4,146.54,80.0,56.0,16.72,152.72,-6.18,-4.2,TUL>SGF:$6.93;SGF>MEM:$9.79
SH00440,2026-09-28,KC Food Dist,MKC,STL,P,1868.4,61.2,MKC>MEM>SGF>STL,6,423.02,80.0,84.0,55.2,219.2,203.82,48.2,MKC>MEM:$26.40;MEM>SGF:$16.19;SGF>STL:$12.61
SH00441,2026-09-28,AutoParts Co,SGF,MEM,P,560.9,28.4,SGF>MEM,2,162.31,80.0,28.0,7.51,115.51,46.8,28.8,SGF>MEM:$7.51
SH00442,2026-09-28,Ozark Furniture,SGF,MEM,E,684.2,91.3,SGF>MEM,2,148.56,80.0,28.0,24.15,132.15,16.41,11.0,SGF>MEM:$24.15
SH00443,2026-09-28,Gateway Electronics,STL,MEM,E,80.0,7.7,STL>SGF>MEM,4,18.6,80.0,56.0,3.62,139.62,-121.02,-650.7,STL>SGF:$1.59;SGF>MEM:$2.04
SH00444,2026-09-28,Memphis Machinery,MEM,SGF,P,3038.0,112.7,MEM>SGF,2,815.22,80.0,28.0,29.81,137.81,677.41,83.1,MEM>SGF:$29.81
SH00445,2026-09-28,Paper Mill Supply,STL,MKC,P,1465.3,68.3,STL>SGF>MEM>MKC,6,435.61,80.0,84.0,61.6,225.6,210.01,48.2,STL>SGF:$14.07;SGF>MEM:$18.07;MEM>MKC:$29.46
SH00446,2026-09-28,KC Food Dist,MKC,STL,P,1481.7,47.5,MKC>MEM>SGF>STL,6,404.91,80.0,84.0,42.84,206.84,198.07,48.9,MKC>MEM:$20.49;MEM>SGF:$12.57;SGF>STL:$9.79
SH00447,2026-09-28,Memphis Machinery,MEM,SGF,P,2442.6,110.6,MEM>SGF,2,702.06,80.0,28.0,29.26,137.26,564.8,80.4,MEM>SGF:$29.26
SH00448,2026-09-28,AutoParts Co,SGF,TUL,P,902.7,32.2,SGF>TUL,2,228.7,80.0,28.0,6.03,114.03,114.67,50.1,SGF>TUL:$6.03
SH00449,2026-09-28,AutoParts Co,SGF,LIT,P,1302.1,69.0,SGF>MEM>LIT,4,340.59,80.0,56.0,32.16,168.16,172.43,50.6,SGF>MEM:$18.25;MEM>LIT:$13.90
SH00450,2026-09-28,AutoParts Co,SGF,STL,P,844.1,33.9,SGF>STL,2,236.42,80.0,28.0,6.98,114.98,121.44,51.4,SGF>STL:$6.98
SH00451,2026-09-28,AutoParts Co,SGF,STL,P,863.3,45.1,SGF>STL,2,233.85,80.0,28.0,9.29,117.29,116.56,49.8,SGF>STL:$9.29
SH00452,2026-09-28,Gateway Electronics,STL,TUL,P,241.1,22.5,STL>SGF>TUL,4,77.93,80.0,56.0,8.85,144.85,-66.92,-85.9,STL>SGF:$4.64;SGF>TUL:$4.22
SH00453,2026-09-28,KC Food Dist,MKC,STL,P,890.6,30.3,MKC>MEM>SGF>STL,6,249.8,80.0,84.0,27.33,191.33,58.47,23.4,MKC>MEM:$13.07;MEM>SGF:$8.02;SGF>STL:$6.24
SH00454,2026-09-28,Plains Pharma,TUL,STL,E,124.9,11.0,TUL>SGF>STL,4,31.86,80.0,56.0,4.33,140.33,-108.47,-340.5,TUL>SGF:$2.06;SGF>STL:$2.27
SH00455,2026-09-28,Plains Pharma,TUL,LIT,P,261.8,22.1,TUL>SGF>MEM>LIT,6,65.11,80.0,84.0,14.44,178.44,-113.33,-174.1,TUL>SGF:$4.14;SGF>MEM:$5.85;MEM>LIT:$4.45
SH00456,2026-09-28,AutoParts Co,SGF,MEM,P,732.3,33.8,SGF>MEM,2,205.89,80.0,28.0,8.94,116.94,88.95,43.2,SGF>MEM:$8.94
SH00457,2026-09-28,Ozark Building,SGF,STL,P,1834.5,86.6,SGF>STL,2,510.95,80.0,28.0,17.84,125.84,385.11,75.4,SGF>STL:$17.84
SH00458,2026-09-28,Gateway Electronics,STL,MKC,P,882.3,88.5,STL>SGF>MEM>MKC,6,242.29,80.0,84.0,79.82,243.82,-1.53,-0.6,STL>SGF:$18.23;SGF>MEM:$23.41;MEM>MKC:$38.17
SH00459,2026-09-28,River City Foods,LIT,TUL,P,1695.9,65.3,LIT>MEM>SGF>TUL,6,427.81,80.0,84.0,42.67,206.67,221.14,51.7,LIT>MEM:$13.16;MEM>SGF:$17.28;SGF>TUL:$12.24
SH00460,2026-09-28,AutoParts Co,SGF,MKC,E,1245.8,56.1,SGF>MKC,2,312.78,80.0,28.0,65.86,173.86,138.92,44.4,SGF>MKC:$65.86
SH00461,2026-09-28,Plains Pharma,TUL,MKC,P,516.2,55.3,TUL>SGF>MEM>MKC,6,145.58,80.0,84.0,48.84,212.84,-67.26,-46.2,TUL>SGF:$10.36;SGF>MEM:$14.63;MEM>MKC:$23.85
SH00462,2026-09-28,Gateway Electronics,STL,MKC,P,519.1,47.1,STL>SGF>MEM>MKC,6,139.97,80.0,84.0,42.48,206.48,-66.51,-47.5,STL>SGF:$9.70;SGF>MEM:$12.46;MEM>MKC:$20.32
SH00463,2026-09-28,Midwest Apparel,MKC,MEM,E,802.7,97.3,MKC>MEM,2,150.38,80.0,28.0,41.97,149.97,0.41,0.3,MKC>MEM:$41.97
SH00464,2026-09-28,Crossroads Retail,MKC,TUL,E,220.2,18.1,MKC>MEM>SGF>TUL,6,45.91,80.0,84.0,15.99,179.99,-134.08,-292.0,MKC>MEM:$7.81;MEM>SGF:$4.79;SGF>TUL:$3.39
SH00465,2026-09-28,Memphis Machinery,MEM,SGF,P,2257.9,99.6,MEM>SGF,2,603.29,80.0,28.0,26.35,134.35,468.94,77.7,MEM>SGF:$26.35
SH00466,2026-09-28,Tulsa Beverage,TUL,SGF,E,1332.2,54.8,TUL>SGF,2,256.04,80.0,28.0,10.27,118.27,137.77,53.8,TUL>SGF:$10.27
SH00467,2026-09-28,AutoParts Co,SGF,MEM,E,1047.1,50.5,SGF>MEM,2,249.1,80.0,28.0,13.36,121.36,127.74,51.3,SGF>MEM:$13.36
SH00468,2026-09-28,Crossroads Retail,MKC,MEM,E,691.1,68.3,MKC>MEM,2,154.44,80.0,28.0,29.46,137.46,16.98,11.0,MKC>MEM:$29.46
SH00469,2026-09-28,Tulsa Beverage,TUL,STL,P,3366.7,149.1,TUL>SGF>STL,4,1012.24,80.0,56.0,58.66,194.66,817.58,80.8,TUL>SGF:$27.94;SGF>STL:$30.72
SH00470,2026-09-28,Tulsa Beverage,TUL,LIT,P,1518.9,60.8,TUL>SGF>MEM>LIT,6,457.78,80.0,84.0,39.73,203.73,254.05,55.5,TUL>SGF:$11.39;SGF>MEM:$16.08;MEM>LIT:$12.25
SH00471,2026-09-28,Ozark Furniture,SGF,TUL,P,559.2,61.6,SGF>TUL,2,139.78,80.0,28.0,11.54,119.54,20.24,14.5,SGF>TUL:$11.54
SH00472,2026-09-28,Plains Pharma,TUL,MKC,E,181.1,13.8,TUL>SGF>MEM>MKC,6,44.78,80.0,84.0,12.19,176.19,-131.41,-293.5,TUL>SGF:$2.59;SGF>MEM:$3.65;MEM>MKC:$5.95
SH00473,2026-09-28,Memphis Machinery,MEM,LIT,P,1542.7,50.3,MEM>LIT,2,384.81,80.0,28.0,10.14,118.14,266.67,69.3,MEM>LIT:$10.14
SH00474,2026-09-28,Ozark Furniture,SGF,MKC,E,876.7,139.4,SGF>MKC,2,246.55,80.0,28.0,163.65,271.65,-25.1,-10.2,SGF>MKC:$163.65
SH00475,2026-09-28,Midwest Apparel,MKC,STL,E,610.9,73.9,MKC>MEM>SGF>STL,6,107.72,80.0,84.0,66.65,230.65,-122.93,-114.1,MKC>MEM:$31.87;MEM>SGF:$19.55;SGF>STL:$15.23
SH00476,2026-09-28,Ozark Furniture,SGF,TUL,E,938.6,162.0,SGF>TUL,2,223.59,80.0,28.0,30.35,138.35,85.24,38.1,SGF>TUL:$30.35
SH00477,2026-09-28,River City Foods,LIT,MEM,E,1735.7,59.0,LIT>MEM,2,298.69,80.0,28.0,11.89,119.89,178.8,59.9,LIT>MEM:$11.89
SH00478,2026-09-28,Tulsa Beverage,TUL,SGF,E,963.0,31.4,TUL>SGF,2,177.18,80.0,28.0,5.88,113.88,63.3,35.7,TUL>SGF:$5.88
SH00479,2026-09-28,Plains Pharma,TUL,MEM,P,460.9,33.9,TUL>SGF>MEM,4,141.14,80.0,56.0,15.32,151.32,-10.18,-7.2,TUL>SGF:$6.35;SGF>MEM:$8.97
SH00480,2026-09-28,Ozark Furniture,SGF,MKC,P,1239.8,177.3,SGF>MKC,2,352.5,80.0,28.0,208.14,316.14,36.36,10.3,SGF>MKC:$208.14
SH00481,2026-09-28,AutoParts Co,SGF,STL,E,965.2,36.0,SGF>STL,2,215.12,80.0,28.0,7.42,115.42,99.7,46.3,SGF>STL:$7.42
SH00482,2026-09-28,AutoParts Co,SGF,LIT,E,948.3,44.5,SGF>MEM>LIT,4,265.28,80.0,56.0,20.74,156.74,108.54,40.9,SGF>MEM:$11.77;MEM>LIT:$8.97
SH00483,2026-09-28,KC Food Dist,MKC,MEM,E,1576.2,42.9,MKC>MEM,2,451.43,80.0,28.0,18.5,126.5,324.93,72.0,MKC>MEM:$18.50
SH00484,2026-09-28,AutoParts Co,SGF,STL,P,1081.5,53.6,SGF>STL,2,318.38,80.0,28.0,11.04,119.04,199.34,62.6,SGF>STL:$11.04
SH00485,2026-09-28,Midwest Apparel,MKC,MEM,P,169.4,18.5,MKC>MEM,2,50.45,80.0,28.0,7.98,115.98,-65.53,-129.9,MKC>MEM:$7.98
SH00486,2026-09-28,Midwest Apparel,MKC,MEM,E,812.6,99.9,MKC>MEM,2,193.07,80.0,28.0,43.09,151.09,41.98,21.7,MKC>MEM:$43.09
SH00487,2026-09-28,Midwest Apparel,MKC,SGF,E,674.6,89.2,MKC>MEM>SGF,4,168.1,80.0,56.0,62.07,198.07,-29.97,-17.8,MKC>MEM:$38.47;MEM>SGF:$23.60
SH00488,2026-09-28,Delta Plastics,MEM,STL,P,1133.7,133.1,MEM>STL,2,307.71,80.0,28.0,231.62,339.62,-31.91,-10.4,MEM>STL:$231.62
SH00489,2026-09-28,Delta Plastics,MEM,LIT,P,750.0,81.2,MEM>LIT,2,199.23,80.0,28.0,16.36,124.36,74.87,37.6,MEM>LIT:$16.36
SH00490,2026-09-28,KC Food Dist,MKC,MEM,P,1545.5,50.1,MKC>MEM,2,523.05,80.0,28.0,21.61,129.61,393.44,75.2,MKC>MEM:$21.61
SH00491,2026-09-28,Gateway Electronics,STL,TUL,P,534.5,48.1,STL>SGF>TUL,4,155.5,80.0,56.0,18.92,154.92,0.58,0.4,STL>SGF:$9.91;SGF>TUL:$9.01
SH00492,2026-09-28,Tulsa Beverage,TUL,SGF,P,1550.4,52.5,TUL>SGF,2,373.64,80.0,28.0,9.84,117.84,255.8,68.5,TUL>SGF:$9.84
SH00493,2026-09-28,AutoParts Co,SGF,STL,P,703.0,31.8,SGF>STL,2,172.01,80.0,28.0,6.55,114.55,57.46,33.4,SGF>STL:$6.55
SH00494,2026-09-28,River City Foods,LIT,SGF,P,1783.9,72.7,LIT>MEM>SGF,4,540.05,80.0,56.0,33.88,169.88,370.17,68.5,LIT>MEM:$14.65;MEM>SGF:$19.23
SH00495,2026-09-28,Bluff City Apparel,MEM,MKC,P,556.3,73.1,MEM>MKC,2,175.92,80.0,28.0,31.53,139.53,36.39,20.7,MEM>MKC:$31.53
SH00496,2026-09-28,River City Foods,LIT,SGF,P,1046.5,33.0,LIT>MEM>SGF,4,314.56,80.0,56.0,15.38,151.38,163.18,51.9,LIT>MEM:$6.65;MEM>SGF:$8.73
SH00497,2026-09-28,KC Food Dist,MKC,TUL,P,953.1,34.9,MKC>MEM>SGF>TUL,6,241.32,80.0,84.0,30.83,194.83,46.49,19.3,MKC>MEM:$15.05;MEM>SGF:$9.23;SGF>TUL:$6.54
SH00498,2026-09-28,Gateway Electronics,STL,TUL,P,611.5,66.7,STL>SGF>TUL,4,192.84,80.0,56.0,26.24,162.24,30.6,15.9,STL>SGF:$13.74;SGF>TUL:$12.50
SH00499,2026-09-28,Delta Plastics,MEM,TUL,P,820.1,97.5,MEM>SGF>TUL,4,251.36,80.0,56.0,44.06,180.06,71.3,28.4,MEM>SGF:$25.79;SGF>TUL:$18.27
SH00500,2026-09-28,Ozark Building,SGF,LIT,E,1405.5,73.8,SGF>MEM>LIT,4,324.57,80.0,56.0,34.4,170.4,154.17,47.5,SGF>MEM:$19.52;MEM>LIT:$14.87
SH00501,2026-09-28,River City Foods,LIT,SGF,E,1397.5,55.3,LIT>MEM>SGF,4,365.16,80.0,56.0,25.77,161.77,203.39,55.7,LIT>MEM:$11.14;MEM>SGF:$14.63
SH00502,2026-09-28,AutoParts Co,SGF,STL,E,1064.6,53.6,SGF>STL,2,268.0,80.0,28.0,11.04,119.04,148.96,55.6,SGF>STL:$11.04
SH00503,2026-09-28,River City Foods,LIT,TUL,E,1382.0,54.2,LIT>MEM>SGF>TUL,6,366.86,80.0,84.0,35.42,199.42,167.44,45.6,LIT>MEM:$10.92;MEM>SGF:$14.34;SGF>TUL:$10.16
SH00504,2026-09-28,Ozark Building,SGF,STL,P,1512.8,65.8,SGF>STL,2,431.54,80.0,28.0,13.56,121.56,309.98,71.8,SGF>STL:$13.56
SH00505,2026-09-28,Plains Pharma,TUL,STL,P,550.6,50.7,TUL>SGF>STL,4,176.5,80.0,56.0,19.95,155.95,20.55,11.6,TUL>SGF:$9.50;SGF>STL:$10.45
SH00506,2026-09-28,Ozark Furniture,SGF,LIT,P,336.9,46.2,SGF>MEM>LIT,4,103.66,80.0,56.0,21.53,157.53,-53.87,-52.0,SGF>MEM:$12.22;MEM>LIT:$9.31
SH00507,2026-09-28,Crossroads Retail,MKC,SGF,E,1403.4,137.5,MKC>MEM>SGF,4,324.97,80.0,56.0,95.68,231.68,93.29,28.7,MKC>MEM:$59.31;MEM>SGF:$36.38
SH00508,2026-09-28,Plains Pharma,TUL,LIT,P,491.0,41.8,TUL>SGF>MEM>LIT,6,131.89,80.0,84.0,27.31,191.31,-59.42,-45.1,TUL>SGF:$7.83;SGF>MEM:$11.06;MEM>LIT:$8.42
SH00509,2026-09-28,AutoParts Co,SGF,TUL,P,741.3,32.2,SGF>TUL,2,162.28,80.0,28.0,6.03,114.03,48.25,29.7,SGF>TUL:$6.03
SH00510,2026-09-28,Ozark Building,SGF,MKC,P,1718.5,101.8,SGF>MKC,2,513.29,80.0,28.0,119.51,227.51,285.78,55.7,SGF>MKC:$119.51
SH00511,2026-09-28,KC Food Dist,MKC,SGF,P,1902.5,57.8,MKC>MEM>SGF,4,532.29,80.0,56.0,40.22,176.22,356.07,66.9,MKC>MEM:$24.93;MEM>SGF:$15.29
SH00512,2026-09-28,Tulsa Beverage,TUL,MEM,P,357.9,10.9,TUL>SGF>MEM,4,108.3,80.0,56.0,4.93,140.93,-32.63,-30.1,TUL>SGF:$2.04;SGF>MEM:$2.88
SH00513,2026-09-28,Plains Pharma,TUL,STL,E,109.8,10.7,TUL>SGF>STL,4,26.56,80.0,56.0,4.21,140.21,-113.65,-427.9,TUL>SGF:$2.00;SGF>STL:$2.20
SH00514,2026-09-28,AutoParts Co,SGF,TUL,E,1546.2,63.4,SGF>TUL,2,292.7,80.0,28.0,11.88,119.88,172.82,59.0,SGF>TUL:$11.88
SH00515,2026-09-28,Gateway Electronics,STL,MKC,E,600.4,53.4,STL>SGF>MEM>MKC,6,131.73,80.0,84.0,48.16,212.16,-80.43,-61.1,STL>SGF:$11.00;SGF>MEM:$14.13;MEM>MKC:$23.03
SH00516,2026-09-28,Gateway Electronics,STL,TUL,E,370.8,41.1,STL>SGF>TUL,4,92.14,80.0,56.0,16.17,152.17,-60.03,-65.1,STL>SGF:$8.47;SGF>TUL:$7.70
SH00517,2026-09-28,Midwest Apparel,MKC,MEM,P,798.3,124.7,MKC>MEM,2,243.04,80.0,28.0,53.79,161.79,81.25,33.4,MKC>MEM:$53.79
SH00518,2026-09-28,Crossroads Retail,MKC,SGF,P,1026.9,86.3,MKC>MEM>SGF,4,320.53,80.0,56.0,60.05,196.05,124.48,38.8,MKC>MEM:$37.22;MEM>SGF:$22.83
SH00519,2026-09-28,AutoParts Co,SGF,LIT,E,1349.8,66.1,SGF>MEM>LIT,4,388.27,80.0,56.0,30.81,166.81,221.46,57.0,SGF>MEM:$17.49;MEM>LIT:$13.32
SH00520,2026-09-28,KC Food Dist,MKC,LIT,P,1707.2,51.8,MKC>MEM>LIT,4,472.87,80.0,56.0,32.78,168.78,304.09,64.3,MKC>MEM:$22.34;MEM>LIT:$10.44
SH00521,2026-09-28,Tulsa Beverage,TUL,MKC,P,1807.0,62.6,TUL>SGF>MEM>MKC,6,500.69,80.0,84.0,55.29,219.29,281.4,56.2,TUL>SGF:$11.73;SGF>MEM:$16.56;MEM>MKC:$27.00
SH00522,2026-09-28,Tulsa Beverage,TUL,SGF,P,1476.7,56.3,TUL>SGF,2,395.14,80.0,28.0,10.55,118.55,276.59,70.0,TUL>SGF:$10.55
SH00523,2026-09-28,KC Food Dist,MKC,STL,E,1627.5,65.4,MKC>MEM>SGF>STL,6,332.58,80.0,84.0,58.98,222.98,109.6,33.0,MKC>MEM:$28.21;MEM>SGF:$17.30;SGF>STL:$13.47
SH00524,2026-09-28,AutoParts Co,SGF,MKC,P,593.9,28.4,SGF>MKC,2,194.41,80.0,28.0,33.34,141.34,53.07,27.3,SGF>MKC:$33.34
SH00525,2026-09-28,Midwest Apparel,MKC,TUL,P,442.3,46.7,MKC>MEM>SGF>TUL,6,132.05,80.0,84.0,41.25,205.25,-73.2,-55.4,MKC>MEM:$20.14;MEM>SGF:$12.35;SGF>TUL:$8.75
SH00526,2026-09-28,Tulsa Beverage,TUL,STL,P,1401.9,43.8,TUL>SGF>STL,4,433.66,80.0,56.0,17.23,153.23,280.43,64.7,TUL>SGF:$8.21;SGF>STL:$9.02
SH00527,2026-09-28,Tulsa Beverage,TUL,STL,P,2090.4,74.3,TUL>SGF>STL,4,628.24,80.0,56.0,29.23,165.23,463.01,73.7,TUL>SGF:$13.92;SGF>STL:$15.31
SH00528,2026-09-28,Bluff City Apparel,MEM,STL,E,628.0,85.0,MEM>SGF>STL,4,158.86,80.0,56.0,40.0,176.0,-17.14,-10.8,MEM>SGF:$22.49;SGF>STL:$17.51
SH00529,2026-09-28,Tulsa Beverage,TUL,MEM,E,1273.8,52.7,TUL>SGF>MEM,4,336.14,80.0,56.0,23.82,159.82,176.32,52.5,TUL>SGF:$9.87;SGF>MEM:$13.94
SH00530,2026-09-28,KC Food Dist,MKC,TUL,E,633.9,22.8,MKC>MEM>SGF>TUL,6,145.43,80.0,84.0,20.14,184.14,-38.71,-26.6,MKC>MEM:$9.83;MEM>SGF:$6.03;SGF>TUL:$4.27
SH00531,2026-09-28,Delta Plastics,MEM,MKC,P,549.6,61.8,MEM>MKC,2,161.72,80.0,28.0,26.66,134.66,27.06,16.7,MEM>MKC:$26.66
SH00532,2026-09-28,River City Foods,LIT,SGF,P,1801.6,74.2,LIT>MEM>SGF,4,538.59,80.0,56.0,34.58,170.58,368.01,68.3,LIT>MEM:$14.95;MEM>SGF:$19.63
SH00533,2026-09-28,KC Food Dist,MKC,SGF,P,1580.3,55.4,MKC>MEM>SGF,4,460.98,80.0,56.0,38.55,174.55,286.43,62.1,MKC>MEM:$23.90;MEM>SGF:$14.66
SH00534,2026-09-28,Tulsa Beverage,TUL,SGF,P,1615.1,59.1,TUL>SGF,2,362.3,80.0,28.0,11.07,119.07,243.23,67.1,TUL>SGF:$11.07
SH00535,2026-09-28,Ozark Furniture,SGF,STL,P,280.9,38.1,SGF>STL,2,73.61,80.0,28.0,7.85,115.85,-42.24,-57.4,SGF>STL:$7.85
SH00536,2026-09-28,Tulsa Beverage,TUL,SGF,P,1711.6,69.7,TUL>SGF,2,482.95,80.0,28.0,13.06,121.06,361.89,74.9,TUL>SGF:$13.06
SH00537,2026-09-28,Crossroads Retail,MKC,MEM,P,687.2,70.0,MKC>MEM,2,200.54,80.0,28.0,30.19,138.19,62.35,31.1,MKC>MEM:$30.19
SH00538,2026-09-28,KC Food Dist,MKC,TUL,P,952.9,29.4,MKC>MEM>SGF>TUL,6,257.68,80.0,84.0,25.97,189.97,67.71,26.3,MKC>MEM:$12.68;MEM>SGF:$7.78;SGF>TUL:$5.51
SH00539,2026-09-28,River City Foods,LIT,MKC,P,1059.6,35.2,LIT>MEM>MKC,4,336.62,80.0,56.0,22.28,158.28,178.34,53.0,LIT>MEM:$7.09;MEM>MKC:$15.18
SH00540,2026-09-28,KC Food Dist,MKC,MEM,E,1817.7,56.7,MKC>MEM,2,436.6,80.0,28.0,24.46,132.46,304.14,69.7,MKC>MEM:$24.46
SH00541,2026-09-28,AutoParts Co,SGF,STL,P,1486.5,83.0,SGF>STL,2,429.08,80.0,28.0,17.1,125.1,303.98,70.8,SGF>STL:$17.10
SH00542,2026-09-28,Ozark Building,SGF,MEM,E,337.6,18.0,SGF>MEM,2,69.52,80.0,28.0,4.76,112.76,-43.24,-62.2,SGF>MEM:$4.76
SH00543,2026-09-28,Gateway Electronics,STL,MEM,P,80.0,7.1,STL>SGF>MEM,4,22.02,80.0,56.0,3.34,139.34,-117.32,-532.8,STL>SGF:$1.46;SGF>MEM:$1.88
SH00544,2026-09-28,Bluff City Apparel,MEM,LIT,P,722.1,86.3,MEM>LIT,2,181.48,80.0,28.0,17.39,125.39,56.09,30.9,MEM>LIT:$17.39
SH00545,2026-09-28,Paper Mill Supply,STL,SGF,E,220.9,11.3,STL>SGF,2,43.05,80.0,28.0,2.33,110.33,-67.28,-156.3,STL>SGF:$2.33
SH00546,2026-09-28,River City Foods,LIT,MEM,E,803.2,32.0,LIT>MEM,2,136.25,80.0,28.0,6.45,114.45,21.8,16.0,LIT>MEM:$6.45
SH00547,2026-09-28,Midwest Apparel,MKC,MEM,E,314.2,35.3,MKC>MEM,2,76.69,80.0,28.0,15.23,123.23,-46.54,-60.7,MKC>MEM:$15.23
SH00548,2026-09-28,Crossroads Retail,MKC,TUL,E,410.6,39.3,MKC>MEM>SGF>TUL,6,101.46,80.0,84.0,34.71,198.71,-97.25,-95.9,MKC>MEM:$16.95;MEM>SGF:$10.40;SGF>TUL:$7.36
SH00549,2026-09-28,Tulsa Beverage,TUL,SGF,E,2610.1,101.5,TUL>SGF,2,426.26,80.0,28.0,19.02,127.02,299.24,70.2,TUL>SGF:$19.02
SH00550,2026-09-28,Tulsa Beverage,TUL,MKC,P,372.0,11.0,TUL>SGF>MEM>MKC,6,99.69,80.0,84.0,9.72,173.72,-74.03,-74.3,TUL>SGF:$2.06;SGF>MEM:$2.91;MEM>MKC:$4.74
SH00551,2026-09-28,AutoParts Co,SGF,STL,P,1311.9,51.0,SGF>STL,2,370.67,80.0,28.0,10.51,118.51,252.16,68.0,SGF>STL:$10.51
SH00552,2026-09-28,KC Food Dist,MKC,STL,P,1306.5,53.6,MKC>MEM>SGF>STL,6,373.45,80.0,84.0,48.34,212.34,161.11,43.1,MKC>MEM:$23.12;MEM>SGF:$14.18;SGF>STL:$11.04
SH00553,2026-09-28,Delta Plastics,MEM,SGF,E,410.2,33.5,MEM>SGF,2,91.47,80.0,28.0,8.86,116.86,-25.39,-27.8,MEM>SGF:$8.86
SH00554,2026-09-28,AutoParts Co,SGF,STL,P,482.6,22.9,SGF>STL,2,126.31,80.0,28.0,4.72,112.72,13.59,10.8,SGF>STL:$4.72
SH00555,2026-09-28,Midwest Apparel,MKC,TUL,P,754.0,77.3,MKC>MEM>SGF>TUL,6,218.97,80.0,84.0,68.28,232.28,-13.31,-6.1,MKC>MEM:$33.34;MEM>SGF:$20.45;SGF>TUL:$14.48
SH00556,2026-09-28,Ozark Building,SGF,TUL,E,1294.7,66.7,SGF>TUL,2,272.66,80.0,28.0,12.5,120.5,152.16,55.8,SGF>TUL:$12.50
SH00557,2026-09-28,AutoParts Co,SGF,STL,E,1067.2,46.3,SGF>STL,2,190.11,80.0,28.0,9.54,117.54,72.57,38.2,SGF>STL:$9.54
SH00558,2026-09-28,Ozark Furniture,SGF,STL,P,316.2,42.3,SGF>STL,2,91.49,80.0,28.0,8.72,116.72,-25.23,-27.6,SGF>STL:$8.72
SH00559,2026-09-28,River City Foods,LIT,MEM,E,1908.8,77.6,LIT>MEM,2,354.99,80.0,28.0,15.64,123.64,231.35,65.2,LIT>MEM:$15.64
SH00560,2026-09-28,Bluff City Apparel,MEM,SGF,P,468.2,57.3,MEM>SGF,2,124.12,80.0,28.0,15.16,123.16,0.96,0.8,MEM>SGF:$15.16
SH00561,2026-09-28,KC Food Dist,MKC,TUL,P,1139.5,37.7,MKC>MEM>SGF>TUL,6,351.37,80.0,84.0,33.3,197.3,154.07,43.8,MKC>MEM:$16.26;MEM>SGF:$9.97;SGF>TUL:$7.06
SH00562,2026-09-28,AutoParts Co,SGF,STL,E,1083.7,46.8,SGF>STL,2,222.06,80.0,28.0,9.64,117.64,104.42,47.0,SGF>STL:$9.64
SH00563,2026-09-28,Bluff City Apparel,MEM,SGF,E,468.8,56.0,MEM>SGF,2,115.47,80.0,28.0,14.81,122.81,-7.34,-6.4,MEM>SGF:$14.81
SH00564,2026-09-28,Tulsa Beverage,TUL,LIT,E,1141.8,43.1,TUL>SGF>MEM>LIT,6,252.85,80.0,84.0,28.16,192.16,60.69,24.0,TUL>SGF:$8.08;SGF>MEM:$11.40;MEM>LIT:$8.69
SH00565,2026-09-28,Ozark Building,SGF,TUL,E,1625.4,81.7,SGF>TUL,2,368.63,80.0,28.0,15.31,123.31,245.32,66.5,SGF>TUL:$15.31
SH00566,2026-09-28,Gateway Electronics,STL,SGF,E,906.8,90.7,STL>SGF,2,183.5,80.0,28.0,18.69,126.69,56.81,31.0,STL>SGF:$18.69
SH00567,2026-09-28,KC Food Dist,MKC,STL,P,827.9,24.0,MKC>MEM>SGF>STL,6,213.62,80.0,84.0,21.65,185.65,27.97,13.1,MKC>MEM:$10.35;MEM>SGF:$6.35;SGF>STL:$4.94
SH00568,2026-09-28,Gateway Electronics,STL,MKC,P,464.0,42.7,STL>SGF>MEM>MKC,6,123.68,80.0,84.0,38.51,202.51,-78.83,-63.7,STL>SGF:$8.80;SGF>MEM:$11.30;MEM>MKC:$18.42
SH00569,2026-09-28,KC Food Dist,MKC,STL,E,2167.0,66.9,MKC>MEM>SGF>STL,6,464.49,80.0,84.0,60.34,224.34,240.15,51.7,MKC>MEM:$28.86;MEM>SGF:$17.70;SGF>STL:$13.78
SH00570,2026-09-28,Ozark Furniture,SGF,TUL,E,734.4,113.2,SGF>TUL,2,153.55,80.0,28.0,21.21,129.21,24.34,15.9,SGF>TUL:$21.21
SH00571,2026-09-28,KC Food Dist,MKC,MEM,E,1854.9,61.1,MKC>MEM,2,421.52,80.0,28.0,26.35,134.35,287.17,68.1,MKC>MEM:$26.35
SH00572,2026-09-28,AutoParts Co,SGF,MEM,P,673.2,31.1,SGF>MEM,2,175.25,80.0,28.0,8.23,116.23,59.02,33.7,SGF>MEM:$8.23
SH00573,2026-09-28,Bluff City Apparel,MEM,MKC,E,600.5,71.9,MEM>MKC,2,142.76,80.0,28.0,31.01,139.01,3.75,2.6,MEM>MKC:$31.01
SH00574,2026-09-28,Ozark Furniture,SGF,TUL,E,837.2,135.5,SGF>TUL,2,173.14,80.0,28.0,25.39,133.39,39.75,23.0,SGF>TUL:$25.39
SH00575,2026-09-28,Tulsa Beverage,TUL,SGF,E,2504.6,88.2,TUL>SGF,2,485.56,80.0,28.0,16.53,124.53,361.03,74.4,TUL>SGF:$16.53
SH00576,2026-09-28,Ozark Furniture,SGF,TUL,P,794.0,105.5,SGF>TUL,2,197.83,80.0,28.0,19.77,127.77,70.06,35.4,SGF>TUL:$19.77
SH00577,2026-09-28,Tulsa Beverage,TUL,LIT,P,1686.1,51.5,TUL>SGF>MEM>LIT,6,449.38,80.0,84.0,33.65,197.65,251.73,56.0,TUL>SGF:$9.65;SGF>MEM:$13.62;MEM>LIT:$10.38
SH00578,2026-09-28,Bluff City Apparel,MEM,MKC,P,873.8,104.2,MEM>MKC,2,242.03,80.0,28.0,44.94,152.94,89.09,36.8,MEM>MKC:$44.94
SH00579,2026-09-28,KC Food Dist,MKC,MEM,E,1999.3,67.4,MKC>MEM,2,504.59,80.0,28.0,29.07,137.07,367.52,72.8,MKC>MEM:$29.07
SH00580,2026-09-28,AutoParts Co,SGF,MEM,P,1750.4,77.2,SGF>MEM,2,503.0,80.0,28.0,20.42,128.42,374.58,74.5,SGF>MEM:$20.42
SH00581,2026-09-28,Tulsa Beverage,TUL,MKC,E,1162.1,39.5,TUL>SGF>MEM>MKC,6,288.72,80.0,84.0,34.89,198.89,89.83,31.1,TUL>SGF:$7.40;SGF>MEM:$10.45;MEM>MKC:$17.04
SH00582,2026-09-28,Bluff City Apparel,MEM,SGF,P,668.8,68.0,MEM>SGF,2,188.48,80.0,28.0,17.99,125.99,62.49,33.2,MEM>SGF:$17.99
SH00583,2026-09-28,Crossroads Retail,MKC,SGF,P,779.1,76.9,MKC>MEM>SGF,4,216.69,80.0,56.0,53.51,189.51,27.18,12.5,MKC>MEM:$33.17;MEM>SGF:$20.34
SH00584,2026-09-28,River City Foods,LIT,MEM,E,1364.1,48.9,LIT>MEM,2,236.8,80.0,28.0,9.85,117.85,118.95,50.2,LIT>MEM:$9.85
SH00585,2026-09-28,Delta Plastics,MEM,MKC,P,593.7,56.8,MEM>MKC,2,191.65,80.0,28.0,24.5,132.5,59.15,30.9,MEM>MKC:$24.50
SH00586,2026-09-28,KC Food Dist,MKC,MEM,P,1729.8,63.5,MKC>MEM,2,497.45,80.0,28.0,27.39,135.39,362.06,72.8,MKC>MEM:$27.39
SH00587,2026-09-28,KC Food Dist,MKC,MEM,P,1006.6,33.1,MKC>MEM,2,294.55,80.0,28.0,14.28,122.28,172.27,58.5,MKC>MEM:$14.28
SH00588,2026-09-28,Midwest Apparel,MKC,SGF,E,613.1,72.3,MKC>MEM>SGF,4,152.25,80.0,56.0,50.31,186.31,-34.06,-22.4,MKC>MEM:$31.18;MEM>SGF:$19.13
SH00589,2026-09-28,Tulsa Beverage,TUL,MKC,P,2051.9,76.7,TUL>SGF>MEM>MKC,6,589.41,80.0,84.0,67.75,231.75,357.66,60.7,TUL>SGF:$14.37;SGF>MEM:$20.29;MEM>MKC:$33.08
SH00590,2026-09-28,Ozark Building,SGF,MEM,P,998.5,47.3,SGF>MEM,2,277.1,80.0,28.0,12.51,120.51,156.59,56.5,SGF>MEM:$12.51
SH00591,2026-09-28,AutoParts Co,SGF,MEM,P,1220.2,53.6,SGF>MEM,2,374.13,80.0,28.0,14.18,122.18,251.95,67.3,SGF>MEM:$14.18
SH00592,2026-09-28,Ozark Furniture,SGF,MKC,E,552.7,76.5,SGF>MKC,2,144.64,80.0,28.0,89.81,197.81,-53.17,-36.8,SGF>MKC:$89.81
SH00593,2026-09-28,AutoParts Co,SGF,MEM,P,1362.8,67.3,SGF>MEM,2,324.68,80.0,28.0,17.8,125.8,198.88,61.3,SGF>MEM:$17.80
SH00594,2026-09-28,Delta Plastics,MEM,TUL,P,742.4,84.7,MEM>SGF>TUL,4,229.21,80.0,56.0,38.28,174.28,54.93,24.0,MEM>SGF:$22.41;SGF>TUL:$15.87
SH00595,2026-09-28,Bluff City Apparel,MEM,TUL,P,534.3,64.8,MEM>SGF>TUL,4,164.99,80.0,56.0,29.28,165.28,-0.29,-0.2,MEM>SGF:$17.14;SGF>TUL:$12.14
SH00596,2026-09-28,KC Food Dist,MKC,SGF,P,460.5,14.6,MKC>MEM>SGF,4,139.94,80.0,56.0,10.16,146.16,-6.22,-4.4,MKC>MEM:$6.30;MEM>SGF:$3.86
SH00597,2026-09-28,KC Food Dist,MKC,MEM,P,1563.5,54.1,MKC>MEM,2,484.24,80.0,28.0,23.33,131.33,352.91,72.9,MKC>MEM:$23.33
SH00598,2026-09-28,Midwest Apparel,MKC,STL,E,80.0,10.0,MKC>MEM>SGF>STL,6,19.32,80.0,84.0,9.02,173.02,-153.7,-795.5,MKC>MEM:$4.31;MEM>SGF:$2.65;SGF>STL:$2.06
SH00599,2026-09-28,KC Food Dist,MKC,STL,P,1341.5,47.1,MKC>MEM>SGF>STL,6,373.6,80.0,84.0,42.48,206.48,167.12,44.7,MKC>MEM:$20.32;MEM>SGF:$12.46;SGF>STL:$9.70
SH00600,2026-09-28,Midwest Apparel,MKC,STL,E,358.8,46.4,MKC>MEM>SGF>STL,6,91.29,80.0,84.0,41.85,205.85,-114.56,-125.5,MKC>MEM:$20.01;MEM>SGF:$12.28;SGF>STL:$9.56
SH00601,2026-09-28,River City Foods,LIT,MEM,E,1162.5,48.8,LIT>MEM,2,228.07,80.0,28.0,9.83,117.83,110.24,48.3,LIT>MEM:$9.83
SH00602,2026-09-28,Ozark Building,SGF,STL,P,1644.0,83.5,SGF>STL,2,385.37,80.0,28.0,17.2,125.2,260.17,67.5,SGF>STL:$17.20
SH00603,2026-09-28,Crossroads Retail,MKC,STL,P,525.3,50.8,MKC>MEM>SGF>STL,6,145.09,80.0,84.0,45.82,209.82,-64.73,-44.6,MKC>MEM:$21.91;MEM>SGF:$13.44;SGF>STL:$10.47
SH00604,2026-09-28,Paper Mill Supply,STL,MKC,E,1784.0,94.8,STL>SGF>MEM>MKC,6,417.61,80.0,84.0,85.5,249.5,168.11,40.3,STL>SGF:$19.53;SGF>MEM:$25.08;MEM>MKC:$40.89
SH00605,2026-09-28,Midwest Apparel,MKC,STL,P,521.0,69.9,MKC>MEM>SGF>STL,6,135.51,80.0,84.0,63.04,227.04,-91.53,-67.5,MKC>MEM:$30.15;MEM>SGF:$18.49;SGF>STL:$14.40
SH00606,2026-09-28,Delta Plastics,MEM,STL,P,1006.1,109.6,MEM>STL,2,288.54,80.0,28.0,190.72,298.72,-10.18,-3.5,MEM>STL:$190.72
SH00607,2026-09-28,Paper Mill Supply,STL,SGF,E,1293.2,70.3,STL>SGF,2,251.44,80.0,28.0,14.48,122.48,128.96,51.3,STL>SGF:$14.48
SH00608,2026-09-28,Memphis Machinery,MEM,SGF,E,1945.4,83.8,MEM>SGF,2,484.99,80.0,28.0,22.17,130.17,354.82,73.2,MEM>SGF:$22.17
SH00609,2026-09-28,Delta Plastics,MEM,SGF,P,780.7,82.5,MEM>SGF,2,211.68,80.0,28.0,21.83,129.83,81.85,38.7,MEM>SGF:$21.83
SH00610,2026-09-28,KC Food Dist,MKC,SGF,E,1310.0,38.2,MKC>MEM>SGF,4,329.23,80.0,56.0,26.58,162.58,166.65,50.6,MKC>MEM:$16.48;MEM>SGF:$10.11
SH00611,2026-09-28,AutoParts Co,SGF,TUL,P,1009.1,46.0,SGF>TUL,2,258.01,80.0,28.0,8.62,116.62,141.39,54.8,SGF>TUL:$8.62
SH00612,2026-09-28,Paper Mill Supply,STL,LIT,E,704.1,38.5,STL>SGF>MEM>LIT,6,151.44,80.0,84.0,25.88,189.88,-38.44,-25.4,STL>SGF:$7.93;SGF>MEM:$10.19;MEM>LIT:$7.76
SH00613,2026-09-28,Gateway Electronics,STL,TUL,P,455.1,43.2,STL>SGF>TUL,4,137.03,80.0,56.0,16.99,152.99,-15.96,-11.7,STL>SGF:$8.90;SGF>TUL:$8.09
SH00614,2026-09-28,Tulsa Beverage,TUL,LIT,P,1931.0,64.6,TUL>SGF>MEM>LIT,6,525.02,80.0,84.0,42.21,206.21,318.81,60.7,TUL>SGF:$12.10;SGF>MEM:$17.09;MEM>LIT:$13.02
SH00615,2026-09-28,KC Food Dist,MKC,STL,P,1300.6,42.6,MKC>MEM>SGF>STL,6,343.72,80.0,84.0,38.42,202.42,141.3,41.1,MKC>MEM:$18.37;MEM>SGF:$11.27;SGF>STL:$8.78
SH00616,2026-09-28,Gateway Electronics,STL,SGF,P,218.7,23.0,STL>SGF,2,64.0,80.0,28.0,4.74,112.74,-48.74,-76.2,STL>SGF:$4.74
SH00617,2026-09-28,Delta Plastics,MEM,TUL,P,807.5,94.0,MEM>SGF>TUL,4,231.83,80.0,56.0,42.48,178.48,53.35,23.0,MEM>SGF:$24.87;SGF>TUL:$17.61
SH00618,2026-09-28,Ozark Furniture,SGF,STL,E,1026.2,139.4,SGF>STL,2,222.63,80.0,28.0,28.72,136.72,85.91,38.6,SGF>STL:$28.72
SH00619,2026-09-28,AutoParts Co,SGF,MKC,P,841.7,39.8,SGF>MKC,2,264.18,80.0,28.0,46.72,154.72,109.46,41.4,SGF>MKC:$46.72
SH00620,2026-09-28,Gateway Electronics,STL,MEM,P,394.5,46.9,STL>SGF>MEM,4,102.57,80.0,56.0,22.07,158.07,-55.5,-54.1,STL>SGF:$9.66;SGF>MEM:$12.41
SH00621,2026-09-28,AutoParts Co,SGF,TUL,E,649.2,31.8,SGF>TUL,2,126.67,80.0,28.0,5.96,113.96,12.71,10.0,SGF>TUL:$5.96
SH00622,2026-09-28,KC Food Dist,MKC,LIT,P,1649.7,54.8,MKC>MEM>LIT,4,544.5,80.0,56.0,34.68,170.68,373.82,68.7,MKC>MEM:$23.64;MEM>LIT:$11.04
SH00623,2026-09-28,Ozark Furniture,SGF,TUL,E,1104.1,140.7,SGF>TUL,2,181.64,80.0,28.0,26.36,134.36,47.28,26.0,SGF>TUL:$26.36
SH00624,2026-09-28,Bluff City Apparel,MEM,MKC,E,787.7,104.5,MEM>MKC,2,197.26,80.0,28.0,45.07,153.07,44.19,22.4,MEM>MKC:$45.07
SH00625,2026-09-28,Delta Plastics,MEM,LIT,E,412.1,44.2,MEM>LIT,2,74.39,80.0,28.0,8.91,116.91,-42.52,-57.2,MEM>LIT:$8.91
SH00626,2026-09-28,Tulsa Beverage,TUL,MEM,P,1530.9,57.3,TUL>SGF>MEM,4,544.88,80.0,56.0,25.9,161.9,382.98,70.3,TUL>SGF:$10.74;SGF>MEM:$15.16
SH00627,2026-09-28,Plains Pharma,TUL,STL,E,328.4,20.3,TUL>SGF>STL,4,73.97,80.0,56.0,7.99,143.99,-70.02,-94.7,TUL>SGF:$3.80;SGF>STL:$4.18
SH00628,2026-09-28,Tulsa Beverage,TUL,MEM,P,1872.5,60.0,TUL>SGF>MEM,4,555.99,80.0,56.0,27.12,163.12,392.87,70.7,TUL>SGF:$11.24;SGF>MEM:$15.87
SH00629,2026-09-28,KC Food Dist,MKC,STL,E,1415.8,50.0,MKC>MEM>SGF>STL,6,316.77,80.0,84.0,45.1,209.1,107.67,34.0,MKC>MEM:$21.57;MEM>SGF:$13.23;SGF>STL:$10.30
SH00630,2026-09-28,Delta Plastics,MEM,SGF,E,492.8,53.5,MEM>SGF,2,120.34,80.0,28.0,14.15,122.15,-1.81,-1.5,MEM>SGF:$14.15
SH00631,2026-09-28,River City Foods,LIT,MEM,E,821.4,33.0,LIT>MEM,2,166.2,80.0,28.0,6.65,114.65,51.55,31.0,LIT>MEM:$6.65
SH00632,2026-09-28,Plains Pharma,TUL,SGF,P,514.1,37.4,TUL>SGF,2,138.61,80.0,28.0,7.01,115.01,23.6,17.0,TUL>SGF:$7.01
SH00633,2026-09-28,River City Foods,LIT,MEM,P,1192.3,36.1,LIT>MEM,2,308.49,80.0,28.0,7.27,115.27,193.22,62.6,LIT>MEM:$7.27
SH00634,2026-09-28,Delta Plastics,MEM,SGF,P,221.2,24.7,MEM>SGF,2,60.96,80.0,28.0,6.53,114.53,-53.57,-87.9,MEM>SGF:$6.53
SH00635,2026-09-28,Paper Mill Supply,STL,MKC,E,1777.5,93.8,STL>SGF>MEM>MKC,6,432.71,80.0,84.0,84.6,248.6,184.11,42.5,STL>SGF:$19.33;SGF>MEM:$24.81;MEM>MKC:$40.46
SH00636,2026-09-28,Plains Pharma,TUL,STL,P,223.1,17.3,TUL>SGF>STL,4,64.83,80.0,56.0,6.81,142.81,-77.98,-120.3,TUL>SGF:$3.24;SGF>STL:$3.56
SH00637,2026-09-28,Ozark Furniture,SGF,TUL,P,80.0,12.5,SGF>TUL,2,21.89,80.0,28.0,2.34,110.34,-88.45,-404.1,SGF>TUL:$2.34
SH00638,2026-09-28,Ozark Furniture,SGF,STL,E,741.3,130.1,SGF>STL,2,154.76,80.0,28.0,26.8,134.8,19.96,12.9,SGF>STL:$26.80
SH00639,2026-09-28,AutoParts Co,SGF,MKC,E,352.7,15.0,SGF>MKC,2,93.85,80.0,28.0,17.61,125.61,-31.76,-33.8,SGF>MKC:$17.61
SH00640,2026-09-28,Ozark Furniture,SGF,LIT,E,712.3,103.0,SGF>MEM>LIT,4,189.45,80.0,56.0,48.01,184.01,5.44,2.9,SGF>MEM:$27.25;MEM>LIT:$20.76
SH00641,2026-09-28,AutoParts Co,SGF,STL,E,728.2,36.9,SGF>STL,2,159.95,80.0,28.0,7.6,115.6,44.35,27.7,SGF>STL:$7.60
SH00642,2026-09-28,Ozark Building,SGF,MEM,E,1035.8,49.7,SGF>MEM,2,246.67,80.0,28.0,13.15,121.15,125.52,50.9,SGF>MEM:$13.15
SH00643,2026-09-28,Midwest Apparel,MKC,MEM,P,812.0,80.9,MKC>MEM,2,236.03,80.0,28.0,34.89,142.89,93.14,39.5,MKC>MEM:$34.89
SH00644,2026-09-28,River City Foods,LIT,STL,E,620.6,19.7,LIT>MEM>SGF>STL,6,130.94,80.0,84.0,13.24,177.24,-46.3,-35.4,LIT>MEM:$3.97;MEM>SGF:$5.21;SGF>STL:$4.06
SH00645,2026-09-28,Tulsa Beverage,TUL,SGF,E,1412.5,55.8,TUL>SGF,2,244.36,80.0,28.0,10.46,118.46,125.9,51.5,TUL>SGF:$10.46
SH00646,2026-09-28,Plains Pharma,TUL,SGF,P,498.0,39.8,TUL>SGF,2,132.81,80.0,28.0,7.46,115.46,17.35,13.1,TUL>SGF:$7.46
SH00647,2026-09-28,KC Food Dist,MKC,MEM,E,2255.2,72.7,MKC>MEM,2,622.99,80.0,28.0,31.36,139.36,483.63,77.6,MKC>MEM:$31.36
SH00648,2026-09-28,River City Foods,LIT,MEM,P,1097.1,38.2,LIT>MEM,2,279.48,80.0,28.0,7.7,115.7,163.78,58.6,LIT>MEM:$7.70
SH00649,2026-09-28,Paper Mill Supply,STL,SGF,P,1223.8,66.3,STL>SGF,2,293.27,80.0,28.0,13.66,121.66,171.61,58.5,STL>SGF:$13.66
SH00650,2026-09-28,Midwest Apparel,MKC,MEM,P,670.1,86.2,MKC>MEM,2,188.04,80.0,28.0,37.18,145.18,42.86,22.8,MKC>MEM:$37.18
SH00651,2026-09-28,Crossroads Retail,MKC,SGF,P,350.6,29.5,MKC>MEM>SGF,4,110.77,80.0,56.0,20.53,156.53,-45.76,-41.3,MKC>MEM:$12.72;MEM>SGF:$7.80
SH00652,2026-09-28,River City Foods,LIT,SGF,E,2076.4,79.9,LIT>MEM>SGF,4,578.54,80.0,56.0,37.24,173.24,405.3,70.1,LIT>MEM:$16.10;MEM>SGF:$21.14
SH00653,2026-09-28,Gateway Electronics,STL,MEM,E,495.9,58.5,STL>SGF>MEM,4,128.6,80.0,56.0,27.53,163.53,-34.93,-27.2,STL>SGF:$12.05;SGF>MEM:$15.48
SH00654,2026-09-28,KC Food Dist,MKC,LIT,E,1104.2,38.4,MKC>MEM>LIT,4,291.67,80.0,56.0,24.3,160.3,131.37,45.0,MKC>MEM:$16.56;MEM>LIT:$7.74
SH00655,2026-09-28,River City Foods,LIT,STL,P,1547.6,61.1,LIT>MEM>SGF>STL,6,447.29,80.0,84.0,41.07,205.07,242.22,54.2,LIT>MEM:$12.31;MEM>SGF:$16.16;SGF>STL:$12.59
SH00656,2026-09-28,Gateway Electronics,STL,LIT,P,217.9,21.4,STL>SGF>MEM>LIT,6,59.76,80.0,84.0,14.38,178.38,-118.62,-198.5,STL>SGF:$4.41;SGF>MEM:$5.66;MEM>LIT:$4.31
SH00657,2026-09-28,River City Foods,LIT,SGF,E,1473.7,47.8,LIT>MEM>SGF,4,350.46,80.0,56.0,22.28,158.28,192.18,54.8,LIT>MEM:$9.63;MEM>SGF:$12.65
SH00658,2026-09-28,Tulsa Beverage,TUL,STL,E,1305.4,48.9,TUL>SGF>STL,4,298.68,80.0,56.0,19.24,155.24,143.44,48.0,TUL>SGF:$9.16;SGF>STL:$10.07
SH00659,2026-09-28,River City Foods,LIT,MEM,P,1593.0,54.1,LIT>MEM,2,442.92,80.0,28.0,10.9,118.9,324.02,73.2,LIT>MEM:$10.90
SH00660,2026-09-28,AutoParts Co,SGF,MKC,P,1558.3,59.0,SGF>MKC,2,422.65,80.0,28.0,69.26,177.26,245.39,58.1,SGF>MKC:$69.26
SH00661,2026-09-28,Tulsa Beverage,TUL,STL,P,2215.3,79.8,TUL>SGF>STL,4,635.02,80.0,56.0,31.39,167.39,467.63,73.6,TUL>SGF:$14.95;SGF>STL:$16.44
SH00662,2026-09-28,Midwest Apparel,MKC,SGF,P,321.5,38.1,MKC>MEM>SGF,4,101.15,80.0,56.0,26.51,162.51,-61.36,-60.7,MKC>MEM:$16.43;MEM>SGF:$10.08
SH00663,2026-09-28,Plains Pharma,TUL,MEM,P,80.0,6.8,TUL>SGF>MEM,4,24.16,80.0,56.0,3.07,139.07,-114.91,-475.6,TUL>SGF:$1.27;SGF>MEM:$1.80
SH00664,2026-09-28,Ozark Furniture,SGF,MKC,P,896.2,138.6,SGF>MKC,2,282.88,80.0,28.0,162.71,270.71,12.17,4.3,SGF>MKC:$162.71
SH00665,2026-09-28,KC Food Dist,MKC,MEM,E,1860.6,64.2,MKC>MEM,2,490.94,80.0,28.0,27.69,135.69,355.25,72.4,MKC>MEM:$27.69
SH00666,2026-09-28,Paper Mill Supply,STL,LIT,E,854.8,45.1,STL>SGF>MEM>LIT,6,211.57,80.0,84.0,30.31,194.31,17.26,8.2,STL>SGF:$9.29;SGF>MEM:$11.93;MEM>LIT:$9.09
SH00667,2026-09-28,River City Foods,LIT,STL,P,1092.4,38.4,LIT>MEM>SGF>STL,6,314.24,80.0,84.0,25.81,189.81,124.43,39.6,LIT>MEM:$7.74;MEM>SGF:$10.16;SGF>STL:$7.91
SH00668,2026-09-28,Paper Mill Supply,STL,TUL,P,1530.4,77.7,STL>SGF>TUL,4,485.1,80.0,56.0,30.57,166.57,318.53,65.7,STL>SGF:$16.01;SGF>TUL:$14.56
SH00669,2026-09-28,Ozark Furniture,SGF,LIT,E,641.9,74.2,SGF>MEM>LIT,4,181.32,80.0,56.0,34.58,170.58,10.74,5.9,SGF>MEM:$19.63;MEM>LIT:$14.95
SH00670,2026-09-28,KC Food Dist,MKC,STL,P,1042.9,29.5,MKC>MEM>SGF>STL,6,277.52,80.0,84.0,26.61,190.61,86.91,31.3,MKC>MEM:$12.72;MEM>SGF:$7.80;SGF>STL:$6.08
SH00671,2026-09-28,Delta Plastics,MEM,LIT,E,1341.7,150.8,MEM>LIT,2,208.32,80.0,28.0,30.39,138.39,69.93,33.6,MEM>LIT:$30.39
SH00672,2026-09-28,River City Foods,LIT,STL,E,1305.6,52.1,LIT>MEM>SGF>STL,6,307.02,80.0,84.0,35.02,199.02,108.0,35.2,LIT>MEM:$10.50;MEM>SGF:$13.78;SGF>STL:$10.73
SH00673,2026-09-28,Plains Pharma,TUL,SGF,P,328.5,27.6,TUL>SGF,2,77.42,80.0,28.0,5.17,113.17,-35.75,-46.2,TUL>SGF:$5.17
SH00674,2026-09-28,AutoParts Co,SGF,STL,P,541.8,24.8,SGF>STL,2,128.74,80.0,28.0,5.11,113.11,15.63,12.1,SGF>STL:$5.11
SH00675,2026-09-28,Crossroads Retail,MKC,TUL,P,392.5,32.4,MKC>MEM>SGF>TUL,6,118.38,80.0,84.0,28.62,192.62,-74.24,-62.7,MKC>MEM:$13.97;MEM>SGF:$8.57;SGF>TUL:$6.07
SH00676,2026-09-28,AutoParts Co,SGF,STL,P,1287.4,55.4,SGF>STL,2,333.69,80.0,28.0,11.41,119.41,214.28,64.2,SGF>STL:$11.41
SH00677,2026-09-28,Tulsa Beverage,TUL,MKC,P,1477.4,41.0,TUL>SGF>MEM>MKC,6,391.83,80.0,84.0,36.21,200.21,191.62,48.9,TUL>SGF:$7.68;SGF>MEM:$10.85;MEM>MKC:$17.68
SH00678,2026-09-28,Bluff City Apparel,MEM,STL,E,762.9,105.0,MEM>SGF>STL,4,209.67,80.0,56.0,49.41,185.41,24.26,11.6,MEM>SGF:$27.78;SGF>STL:$21.63
SH00679,2026-09-28,KC Food Dist,MKC,STL,E,1163.9,36.0,MKC>MEM>SGF>STL,6,257.2,80.0,84.0,32.47,196.47,60.73,23.6,MKC>MEM:$15.53;MEM>SGF:$9.52;SGF>STL:$7.42
SH00680,2026-09-28,Ozark Furniture,SGF,TUL,P,826.8,123.3,SGF>TUL,2,214.65,80.0,28.0,23.1,131.1,83.55,38.9,SGF>TUL:$23.10
SH00681,2026-09-28,AutoParts Co,SGF,LIT,E,764.1,33.3,SGF>MEM>LIT,4,214.69,80.0,56.0,15.52,151.52,63.17,29.4,SGF>MEM:$8.81;MEM>LIT:$6.71
SH00682,2026-09-28,Delta Plastics,MEM,MKC,E,509.1,66.0,MEM>MKC,2,126.11,80.0,28.0,28.47,136.47,-10.36,-8.2,MEM>MKC:$28.47
