origin,dest,product,standard_path,path_type,path_miles
SGF,STL,P,SGF>STL,direct,215
SGF,STL,E,SGF>STL,direct,215
SGF,MKC,P,SGF>MKC,direct,180
SGF,MKC,E,SGF>MKC,direct,180
SGF,MEM,P,SGF>MEM,direct,285
SGF,MEM,E,SGF>MEM,direct,285
SGF,TUL,P,SGF>TUL,direct,180
SGF,TUL,E,SGF>TUL,direct,180
STL,SGF,P,STL>SGF,direct,215
STL,SGF,E,STL>SGF,direct,215
STL,MKC,P,STL>MKC,direct,250
STL,MKC,E,STL>MKC,direct,250
STL,MEM,P,STL>MEM,direct,285
STL,MEM,E,STL>MEM,direct,285
STL,TUL,P,STL>SGF>TUL,via_hub,395
STL,TUL,E,STL>SGF>TUL,via_hub,395
MKC,SGF,P,MKC>SGF,direct,180
MKC,SGF,E,MKC>SGF,direct,180
MKC,STL,P,MKC>STL,direct,250
MKC,STL,E,MKC>STL,direct,250
MKC,MEM,P,MKC>SGF>MEM,via_hub,465
MKC,MEM,E,MKC>SGF>MEM,via_hub,465
MKC,TUL,P,MKC>SGF>TUL,via_hub,360
MKC,TUL,E,MKC>SGF>TUL,via_hub,360
MEM,SGF,P,MEM>SGF,direct,285
MEM,SGF,E,MEM>SGF,direct,285
MEM,STL,P,MEM>STL,direct,285
MEM,STL,E,MEM>STL,direct,285
MEM,MKC,P,MEM>SGF>MKC,via_hub,465
MEM,MKC,E,MEM>SGF>MKC,via_hub,465
MEM,TUL,P,MEM>SGF>TUL,via_hub,465
MEM,TUL,E,MEM>SGF>TUL,via_hub,465
TUL,SGF,P,TUL>SGF,direct,180
TUL,SGF,E,TUL>SGF,direct,180
TUL,STL,P,TUL>SGF>STL,via_hub,395
TUL,STL,E,TUL>SGF>STL,via_hub,395
TUL,MKC,P,TUL>SGF>MKC,via_hub,360
TUL,MKC,E,TUL>SGF>MKC,via_hub,360
TUL,MEM,P,TUL>SGF>MEM,via_hub,465
TUL,MEM,E,TUL>SGF>MEM,via_hub,465
