date,origin,dest,product,forecast_shipments,forecast_cube_cuft,actual_shipments,actual_cube_cuft,actual_dimmed_cube_cuft
2026-09-28,LIT,MEM,E,11,344.5,10,444.0,460.7
2026-09-28,LIT,MEM,P,12,560.7,10,495.0,536.8
2026-09-28,LIT,MKC,E,1,91.2,1,101.0,84.5
2026-09-28,LIT,MKC,P,8,205.6,6,200.5,211.3
2026-09-28,LIT,SGF,E,8,406.7,8,376.8,394.8
2026-09-28,LIT,SGF,P,5,401.5,6,346.6,348.8
2026-09-28,LIT,STL,E,6,290.3,6,246.8,255.1
2026-09-28,LIT,STL,P,3,161.6,3,170.6,172.0
2026-09-28,LIT,TUL,E,3,158.3,3,168.9,159.8
2026-09-28,LIT,TUL,P,3,128.4,3,169.6,175.3
2026-09-28,MEM,LIT,E,5,378.1,5,412.3,428.1
2026-09-28,MEM,LIT,P,14,1362.1,14,1147.4,1184.6
2026-09-28,MEM,MKC,E,7,572.9,7,534.5,519.3
2026-09-28,MEM,MKC,P,15,1502.8,18,1260.1,1333.9
2026-09-28,MEM,SGF,E,9,672.0,9,688.8,698.0
2026-09-28,MEM,SGF,P,15,1346.8,15,1215.5,1233.2
2026-09-28,MEM,STL,E,7,554.5,8,755.8,719.2
2026-09-28,MEM,STL,P,18,1368.5,17,1344.7,1324.0
2026-09-28,MEM,TUL,E,4,249.5,3,233.6,234.6
2026-09-28,MEM,TUL,P,8,834.9,9,712.8,715.7
2026-09-28,MKC,LIT,E,4,239.5,4,182.0,183.5
2026-09-28,MKC,LIT,P,10,526.0,11,666.4,642.7
2026-09-28,MKC,MEM,E,30,1577.9,28,1646.5,1667.3
2026-09-28,MKC,MEM,P,36,2014.5,36,2254.7,2229.2
2026-09-28,MKC,SGF,E,14,621.8,13,780.8,780.2
2026-09-28,MKC,SGF,P,14,714.6,14,792.4,804.4
2026-09-28,MKC,STL,E,12,683.3,11,719.9,691.0
2026-09-28,MKC,STL,P,17,592.0,15,702.6,706.3
2026-09-28,MKC,TUL,E,6,359.3,7,346.4,346.2
2026-09-28,MKC,TUL,P,13,593.1,14,648.1,689.9
2026-09-28,SGF,LIT,E,12,1084.3,12,844.4,845.0
2026-09-28,SGF,LIT,P,7,628.9,7,527.3,506.2
2026-09-28,SGF,MEM,E,13,879.4,15,818.3,844.9
2026-09-28,SGF,MEM,P,28,1747.5,28,1565.6,1610.3
2026-09-28,SGF,MKC,E,16,933.0,16,1212.9,1242.9
2026-09-28,SGF,MKC,P,15,1204.5,15,1112.6,1080.2
2026-09-28,SGF,STL,E,21,1535.7,23,1434.2,1428.1
2026-09-28,SGF,STL,P,25,1991.5,28,1664.1,1645.4
2026-09-28,SGF,TUL,E,18,1522.1,15,1280.2,1239.3
2026-09-28,SGF,TUL,P,22,1280.0,25,1376.9,1374.3
2026-09-28,STL,LIT,E,4,180.3,5,186.5,200.7
2026-09-28,STL,LIT,P,4,279.1,5,257.3,256.1
2026-09-28,STL,MEM,E,5,145.6,5,195.6,179.2
2026-09-28,STL,MEM,P,12,592.2,12,560.8,523.7
2026-09-28,STL,MKC,E,6,392.3,6,413.8,419.9
2026-09-28,STL,MKC,P,8,571.5,9,580.3,628.8
2026-09-28,STL,SGF,E,18,585.9,16,750.9,796.4
2026-09-28,STL,SGF,P,14,1242.3,16,1030.5,1023.1
2026-09-28,STL,TUL,E,7,609.0,9,542.8,544.3
2026-09-28,STL,TUL,P,10,655.9,9,478.7,481.0
2026-09-28,TUL,LIT,E,5,221.6,5,223.7,218.3
2026-09-28,TUL,LIT,P,4,317.8,6,269.0,278.7
2026-09-28,TUL,MEM,E,2,90.7,2,85.0,78.7
2026-09-28,TUL,MEM,P,10,335.4,10,373.5,387.4
2026-09-28,TUL,MKC,E,5,188.9,5,236.5,237.7
2026-09-28,TUL,MKC,P,11,683.1,11,592.2,592.5
2026-09-28,TUL,SGF,E,12,521.1,12,664.5,620.8
2026-09-28,TUL,SGF,P,16,777.2,16,767.5,756.4
2026-09-28,TUL,STL,E,11,327.2,10,406.6,419.7
2026-09-28,TUL,STL,P,15,785.5,15,798.6,789.8
