load_id,lane,direction,turn_no,trailer_no,cube_cuft,weight_lbs,cube_util_pct,empty,flows
L0001,MEM-MKC,MEM>MKC,1,1,1372.9,0.0,78.5,False,MEM>MKC/P*
L0002,MEM-MKC,MEM>MKC,1,2,0.0,0.0,0.0,True,
L0003,MEM-MKC,MKC>MEM,0,0,0,0,0.0,True,EMPTY pup on running turn
L0004,MEM-MKC,MKC>MEM,0,0,0,0,0.0,True,EMPTY pup on running turn
L0005,MEM-SGF,MEM>SGF,1,1,1113.1,19338.5,63.6,False,MEM>SGF/P
L0006,MEM-SGF,MEM>SGF,1,2,1491.7,19725.6,85.2,False,MEM>MKC/E;MEM>TUL/E
L0007,MEM-SGF,MEM>SGF,2,3,1000.2,16035.6,57.2,False,MEM>STL/E;MEM>SGF/E
L0008,MEM-SGF,SGF>MEM,1,1,1750.0,0.0,100.0,False,SGF>MEM/P*
L0009,MEM-SGF,SGF>MEM,1,2,1750.0,0.0,100.0,False,SGF>MEM/P*;SGF>MEM/E*
L0010,MEM-SGF,SGF>MEM,2,3,1334.5,12540.3,76.3,False,SGF>MEM/E*;MKC>MEM/P
L0011,MEM-SGF,SGF>MEM,2,4,861.9,14362.8,49.3,False,MKC>MEM/E
L0012,MEM-SGF,SGF>MEM,3,5,702.0,17816.7,40.1,False,TUL>MEM/E
L0013,MEM-SGF,SGF>MEM,3,6,671.6,16254.6,38.4,False,TUL>MEM/P
L0014,MEM-SGF,MEM>SGF,0,0,0,0,0.0,True,EMPTY pup on running turn
L0015,MEM-SGF,MEM>SGF,0,0,0,0,0.0,True,EMPTY pup on running turn
L0016,MEM-SGF,MEM>SGF,0,0,0,0,0.0,True,EMPTY pup on running turn
L0017,MEM-STL,MEM>STL,1,1,1002.7,17477.1,57.3,False,MEM>STL/P
L0018,MEM-STL,STL>MEM,1,1,1243.9,16694.8,71.1,False,STL>MEM/P
L0019,MEM-STL,STL>MEM,1,2,968.0,14595.1,55.3,False,STL>MEM/E
L0020,MEM-STL,MEM>STL,0,0,0,0,0.0,True,EMPTY pup on running turn
L0021,MEM-TUL,MEM>TUL,1,1,1701.2,0.0,97.2,False,MEM>TUL/P*
L0022,MEM-TUL,MEM>TUL,1,2,0.0,0.0,0.0,True,
L0023,MEM-TUL,TUL>MEM,0,0,0,0,0.0,True,EMPTY pup on running turn
L0024,MEM-TUL,TUL>MEM,0,0,0,0,0.0,True,EMPTY pup on running turn
L0025,MKC-SGF,MKC>SGF,1,1,1750.0,0.0,100.0,False,MKC>SGF/P*
L0026,MKC-SGF,MKC>SGF,1,2,1151.0,0.0,65.8,False,MKC>SGF/P*;MKC>SGF/E*
L0027,MKC-SGF,MKC>SGF,2,3,935.2,12540.3,53.4,False,MKC>MEM/P
L0028,MKC-SGF,MKC>SGF,2,4,861.9,14362.8,49.3,False,MKC>MEM/E
L0029,MKC-SGF,MKC>SGF,3,5,812.6,10462.3,46.4,False,MKC>TUL/E
L0030,MKC-SGF,SGF>MKC,1,1,1750.0,0.0,100.0,False,SGF>MKC/P*;SGF>MKC/E*
L0031,MKC-SGF,SGF>MKC,1,2,1529.3,0.0,87.4,False,SGF>MKC/E*
L0032,MKC-SGF,SGF>MKC,2,3,1254.2,17631.3,71.7,False,MEM>MKC/E;STL>MKC/E
L0033,MKC-SGF,SGF>MKC,2,4,767.0,18245.5,43.8,False,TUL>MKC/P
L0034,MKC-SGF,SGF>MKC,3,5,452.7,9960.3,25.9,False,TUL>MKC/E
L0035,MKC-SGF,MKC>SGF,0,0,0,0,0.0,True,EMPTY pup on running turn
L0036,MKC-SGF,SGF>MKC,0,0,0,0,0.0,True,EMPTY pup on running turn
L0037,MKC-STL,MKC>STL,1,1,1750.0,0.0,100.0,False,MKC>STL/P*;MKC>STL/E*
L0038,MKC-STL,MKC>STL,1,2,846.1,0.0,48.3,False,MKC>STL/E*
L0039,MKC-STL,MKC>STL,2,3,0.0,0.0,0.0,True,
L0040,MKC-STL,STL>MKC,1,1,1077.9,14743.4,61.6,False,STL>MKC/P
L0041,MKC-STL,MKC>STL,0,0,0,0,0.0,True,EMPTY pup on running turn
L0042,MKC-STL,STL>MKC,0,0,0,0,0.0,True,EMPTY pup on running turn
L0043,MKC-STL,STL>MKC,0,0,0,0,0.0,True,EMPTY pup on running turn
L0044,MKC-STL,STL>MKC,0,0,0,0,0.0,True,EMPTY pup on running turn
L0045,MKC-TUL,MKC>TUL,1,1,1581.5,0.0,90.4,False,MKC>TUL/P*
L0046,MKC-TUL,MKC>TUL,1,2,0.0,0.0,0.0,True,
L0047,MKC-TUL,TUL>MKC,0,0,0,0,0.0,True,EMPTY pup on running turn
L0048,MKC-TUL,TUL>MKC,0,0,0,0,0.0,True,EMPTY pup on running turn
L0049,SGF-STL,SGF>STL,1,1,1750.0,0.0,100.0,False,SGF>STL/P*
L0050,SGF-STL,SGF>STL,1,2,1750.0,0.0,100.0,False,SGF>STL/P*;SGF>STL/E*
L0051,SGF-STL,SGF>STL,2,3,1607.8,16135.2,91.9,False,SGF>STL/E*;MEM>STL/E;TUL>STL/P
L0052,SGF-STL,SGF>STL,2,4,257.1,5425.8,14.7,False,TUL>STL/E
L0053,SGF-STL,SGF>STL,3,5,0.0,0.0,0.0,True,
L0054,SGF-STL,STL>SGF,1,1,1399.0,19586.7,79.9,False,STL>SGF/P;STL>TUL/P
L0055,SGF-STL,STL>SGF,1,2,1089.3,17686.0,62.2,False,STL>SGF/E;STL>MKC/E
L0056,SGF-STL,STL>SGF,2,3,287.6,4515.1,16.4,False,STL>TUL/E
L0057,SGF-STL,SGF>STL,0,0,0,0,0.0,True,EMPTY pup on running turn
L0058,SGF-STL,STL>SGF,0,0,0,0,0.0,True,EMPTY pup on running turn
L0059,SGF-STL,STL>SGF,0,0,0,0,0.0,True,EMPTY pup on running turn
L0060,SGF-STL,STL>SGF,0,0,0,0,0.0,True,EMPTY pup on running turn
L0061,SGF-TUL,SGF>TUL,1,1,1342.3,18460.1,76.7,False,SGF>TUL/E
L0062,SGF-TUL,SGF>TUL,1,2,1162.1,17217.9,66.4,False,SGF>TUL/P
L0063,SGF-TUL,SGF>TUL,2,3,1448.8,18701.2,82.8,False,MKC>TUL/E;MEM>TUL/E
L0064,SGF-TUL,SGF>TUL,2,4,952.7,14412.5,54.4,False,STL>TUL/P;STL>TUL/E
L0065,SGF-TUL,TUL>SGF,1,1,767.0,18245.5,43.8,False,TUL>MKC/P
L0066,SGF-TUL,TUL>SGF,1,2,702.0,17816.7,40.1,False,TUL>MEM/E
L0067,SGF-TUL,TUL>SGF,2,3,671.6,16254.6,38.4,False,TUL>MEM/P
L0068,SGF-TUL,TUL>SGF,2,4,871.5,19840.1,49.8,False,TUL>SGF/P;TUL>STL/E
L0069,SGF-TUL,TUL>SGF,3,5,884.9,19988.3,50.6,False,TUL>SGF/E;TUL>STL/P
L0070,SGF-TUL,TUL>SGF,3,6,452.7,9960.3,25.9,False,TUL>MKC/E
L0071,SGF-TUL,SGF>TUL,0,0,0,0,0.0,True,EMPTY pup on running turn
L0072,SGF-TUL,SGF>TUL,0,0,0,0,0.0,True,EMPTY pup on running turn
