shipment_id,date,customer_id,customer,origin,dest,product,weight_lbs,pieces,density_lb_cuft,inferred_cube_cuft,dimmed_cube_cuft,revenue_usd
SH00001,2026-09-28,S11,Ozark Building,SGF,MKC,E,1926.9,7,20,101.2,96.3,381.15
SH00002,2026-09-28,S02,Ozark Furniture,SGF,MEM,P,464.6,3,7,61.5,66.4,139.96
SH00003,2026-09-28,S10,Plains Pharma,TUL,MKC,P,612.7,3,12,51.5,51.1,175.98
SH00004,2026-09-28,S07,Memphis Machinery,MEM,STL,P,1590.6,12,25,56.1,63.6,415.57
SH00005,2026-09-28,S04,Gateway Electronics,STL,SGF,E,458.3,1,10,45.1,45.8,101.11
SH00006,2026-09-28,S01,AutoParts Co,SGF,STL,P,1041.6,5,22,56.7,47.3,287.19
SH00007,2026-09-28,S01,AutoParts Co,SGF,MEM,P,818.3,3,22,39.5,37.2,197.27
SH00008,2026-09-28,S01,AutoParts Co,SGF,MEM,E,573.3,3,22,24.0,26.1,133.72
SH00009,2026-09-28,S08,Delta Plastics,MEM,MKC,P,1574.4,11,9,143.7,174.9,481.76
SH00010,2026-09-28,S05,KC Food Dist,MKC,STL,E,1614.7,12,30,56.5,53.8,302.26
SH00011,2026-09-28,S01,AutoParts Co,SGF,STL,E,375.4,1,22,18.4,17.1,77.15
SH00012,2026-09-28,S08,Delta Plastics,MEM,TUL,E,1089.0,4,9,135.7,121.0,272.12
SH00013,2026-09-28,S09,Tulsa Beverage,TUL,SGF,E,1409.3,6,28,50.9,50.3,235.16
SH00014,2026-09-28,S03,Paper Mill Supply,STL,SGF,E,838.2,4,18,40.6,46.6,194.0
SH00015,2026-09-28,S08,Delta Plastics,MEM,STL,P,617.1,4,9,71.2,68.6,172.79
SH00016,2026-09-28,S03,Paper Mill Supply,STL,MEM,P,1147.1,6,18,76.9,63.7,301.13
SH00017,2026-09-28,S03,Paper Mill Supply,STL,MKC,P,930.9,3,18,48.2,51.7,243.67
SH00018,2026-09-28,S09,Tulsa Beverage,TUL,MKC,P,1505.8,11,28,53.9,53.8,424.98
SH00019,2026-09-28,S10,Plains Pharma,TUL,SGF,P,410.7,2,12,39.9,34.2,101.08
SH00020,2026-09-28,S01,AutoParts Co,SGF,MKC,E,1034.5,7,22,45.0,47.0,199.42
SH00021,2026-09-28,S07,Memphis Machinery,MEM,TUL,P,2027.7,9,25,82.3,81.1,644.26
SH00022,2026-09-28,S12,Crossroads Retail,MKC,STL,P,412.0,1,11,33.6,37.5,118.24
SH00023,2026-09-28,S05,KC Food Dist,MKC,SGF,E,704.1,5,30,24.2,23.5,163.0
SH00024,2026-09-28,S06,Midwest Apparel,MKC,SGF,P,972.6,6,8,104.7,121.6,281.87
SH00025,2026-09-28,S06,Midwest Apparel,MKC,MEM,P,882.7,6,8,101.8,110.3,226.4
SH00026,2026-09-28,S06,Midwest Apparel,MKC,TUL,P,534.7,3,8,60.2,66.8,150.49
SH00027,2026-09-28,S09,Tulsa Beverage,TUL,MEM,E,2736.1,14,28,97.9,97.7,659.27
SH00028,2026-09-28,S01,AutoParts Co,SGF,MEM,P,284.6,1,22,12.3,12.9,77.72
SH00029,2026-09-28,S05,KC Food Dist,MKC,SGF,P,1298.7,8,30,44.5,43.3,328.62
SH00030,2026-09-28,S06,Midwest Apparel,MKC,SGF,P,641.3,5,8,67.4,80.2,180.44
SH00031,2026-09-28,S06,Midwest Apparel,MKC,SGF,P,488.8,3,8,57.4,61.1,126.87
SH00032,2026-09-28,S08,Delta Plastics,MEM,TUL,E,630.8,3,9,67.6,70.1,154.01
SH00033,2026-09-28,S12,Crossroads Retail,MKC,STL,P,1127.6,6,11,95.5,102.5,291.05
SH00034,2026-09-28,S05,KC Food Dist,MKC,STL,E,1243.0,6,30,39.3,41.4,275.63
SH00035,2026-09-28,S05,KC Food Dist,MKC,STL,E,1189.4,5,30,32.0,39.6,241.62
SH00036,2026-09-28,S02,Ozark Furniture,SGF,STL,E,187.5,1,7,24.4,26.8,36.15
SH00037,2026-09-28,S01,AutoParts Co,SGF,MEM,P,928.8,3,22,38.8,42.2,241.12
SH00038,2026-09-28,S11,Ozark Building,SGF,TUL,P,1067.1,7,20,50.0,53.4,271.73
SH00039,2026-09-28,S03,Paper Mill Supply,STL,MKC,P,1559.4,7,18,82.3,86.6,417.95
SH00040,2026-09-28,S07,Memphis Machinery,MEM,TUL,P,2075.8,8,25,84.5,83.0,634.45
SH00041,2026-09-28,S08,Delta Plastics,MEM,TUL,E,909.0,4,9,93.5,101.0,234.62
SH00042,2026-09-28,S01,AutoParts Co,SGF,MKC,P,1017.1,4,22,43.6,46.2,277.83
SH00043,2026-09-28,S10,Plains Pharma,TUL,SGF,P,469.8,2,12,35.9,39.2,123.54
SH00044,2026-09-28,S05,KC Food Dist,MKC,TUL,E,973.5,4,30,29.9,32.5,254.1
SH00045,2026-09-28,S06,Midwest Apparel,MKC,TUL,E,1208.4,6,8,175.0,151.0,305.85
SH00046,2026-09-28,S05,KC Food Dist,MKC,SGF,P,1396.1,10,30,37.7,46.5,350.88
SH00047,2026-09-28,S03,Paper Mill Supply,STL,SGF,E,914.5,3,18,43.2,50.8,222.77
SH00048,2026-09-28,S03,Paper Mill Supply,STL,MKC,E,1385.1,7,18,84.1,77.0,311.79
SH00049,2026-09-28,S05,KC Food Dist,MKC,TUL,P,1494.0,6,30,57.3,49.8,426.74
SH00050,2026-09-28,S01,AutoParts Co,SGF,MKC,P,770.7,3,22,39.2,35.0,190.08
SH00051,2026-09-28,S09,Tulsa Beverage,TUL,MKC,P,915.2,3,28,27.9,32.7,248.37
SH00052,2026-09-28,S01,AutoParts Co,SGF,MKC,P,814.6,6,22,35.5,37.0,172.27
SH00053,2026-09-28,S05,KC Food Dist,MKC,SGF,P,1753.5,11,30,48.0,58.5,414.75
SH00054,2026-09-28,S06,Midwest Apparel,MKC,SGF,P,636.6,2,8,75.8,79.6,174.03
SH00055,2026-09-28,S01,AutoParts Co,SGF,MKC,E,990.9,4,22,45.8,45.0,191.28
SH00056,2026-09-28,S10,Plains Pharma,TUL,STL,E,430.0,2,12,41.3,35.8,118.09
SH00057,2026-09-28,S01,AutoParts Co,SGF,TUL,E,835.3,6,22,44.4,38.0,174.42
SH00058,2026-09-28,S03,Paper Mill Supply,STL,MKC,E,679.0,2,18,37.4,37.7,160.21
SH00059,2026-09-28,S04,Gateway Electronics,STL,SGF,P,879.2,4,10,82.9,87.9,246.65
SH00060,2026-09-28,S05,KC Food Dist,MKC,SGF,P,1053.5,4,30,36.1,35.1,308.84
SH00061,2026-09-28,S01,AutoParts Co,SGF,MKC,P,1221.8,5,22,47.7,55.5,328.56
SH00062,2026-09-28,S03,Paper Mill Supply,STL,MKC,P,906.0,3,18,58.3,50.3,247.14
SH00063,2026-09-28,S11,Ozark Building,SGF,MEM,P,1473.1,5,20,68.3,73.7,434.69
SH00064,2026-09-28,S08,Delta Plastics,MEM,TUL,P,1363.4,8,9,161.5,151.5,403.21
SH00065,2026-09-28,S05,KC Food Dist,MKC,SGF,P,1002.8,4,30,33.0,33.4,252.98
SH00066,2026-09-28,S02,Ozark Furniture,SGF,MKC,P,513.7,2,7,88.5,73.4,144.5
SH00067,2026-09-28,S07,Memphis Machinery,MEM,TUL,P,1612.2,6,25,66.7,64.5,503.29
SH00068,2026-09-28,S11,Ozark Building,SGF,TUL,P,580.7,3,20,27.7,29.0,136.59
SH00069,2026-09-28,S03,Paper Mill Supply,STL,TUL,E,1082.0,7,18,57.8,60.1,260.27
SH00070,2026-09-28,S09,Tulsa Beverage,TUL,MEM,P,1881.0,8,28,63.4,67.2,511.53
SH00071,2026-09-28,S03,Paper Mill Supply,STL,MEM,E,80.0,1,18,5.0,4.4,17.69
SH00072,2026-09-28,S02,Ozark Furniture,SGF,STL,P,761.1,3,7,133.6,108.7,207.53
SH00073,2026-09-28,S05,KC Food Dist,MKC,SGF,P,1471.6,7,30,52.7,49.1,463.66
SH00074,2026-09-28,S01,AutoParts Co,SGF,MKC,P,573.5,3,22,23.1,26.1,154.83
SH00075,2026-09-28,S06,Midwest Apparel,MKC,TUL,P,309.5,1,8,43.4,38.7,72.34
SH00076,2026-09-28,S05,KC Food Dist,MKC,TUL,P,2070.8,14,30,63.8,69.0,554.37
SH00077,2026-09-28,S01,AutoParts Co,SGF,STL,E,153.1,1,22,5.9,7.0,33.02
SH00078,2026-09-28,S06,Midwest Apparel,MKC,SGF,P,1008.0,7,8,120.5,126.0,272.57
SH00079,2026-09-28,S06,Midwest Apparel,MKC,TUL,E,219.5,1,8,25.8,27.4,52.65
SH00080,2026-09-28,S08,Delta Plastics,MEM,MKC,E,1435.3,7,9,148.4,159.5,390.0
SH00081,2026-09-28,S12,Crossroads Retail,MKC,TUL,P,614.7,4,11,50.0,55.9,170.05
SH00082,2026-09-28,S06,Midwest Apparel,MKC,STL,P,1057.9,4,8,133.4,132.2,291.92
SH00083,2026-09-28,S02,Ozark Furniture,SGF,TUL,E,1001.4,6,7,151.7,143.1,224.72
SH00084,2026-09-28,S10,Plains Pharma,TUL,SGF,P,352.1,1,12,23.3,29.3,94.91
SH00085,2026-09-28,S07,Memphis Machinery,MEM,TUL,E,1976.3,11,25,79.8,79.1,503.44
SH00086,2026-09-28,S11,Ozark Building,SGF,STL,P,1791.1,13,20,96.1,89.6,463.69
SH00087,2026-09-28,S05,KC Food Dist,MKC,SGF,E,1005.6,6,30,37.1,33.5,179.59
SH00088,2026-09-28,S04,Gateway Electronics,STL,TUL,E,535.8,4,10,55.2,53.6,145.44
SH00089,2026-09-28,S02,Ozark Furniture,SGF,STL,P,1055.9,8,7,157.1,150.8,254.21
SH00090,2026-09-28,S04,Gateway Electronics,STL,SGF,P,425.1,1,10,46.2,42.5,121.41
SH00091,2026-09-28,S01,AutoParts Co,SGF,MKC,P,1070.5,7,22,43.9,48.7,265.31
SH00092,2026-09-28,S06,Midwest Apparel,MKC,TUL,P,601.4,2,8,74.8,75.2,181.96
SH00093,2026-09-28,S01,AutoParts Co,SGF,STL,E,654.2,4,22,35.3,29.7,131.58
SH00094,2026-09-28,S03,Paper Mill Supply,STL,MEM,E,976.1,4,18,56.6,54.2,228.69
SH00095,2026-09-28,S03,Paper Mill Supply,STL,MEM,E,588.7,2,18,34.2,32.7,119.1
SH00096,2026-09-28,S11,Ozark Building,SGF,MEM,P,1362.6,7,20,68.9,68.1,405.28
SH00097,2026-09-28,S03,Paper Mill Supply,STL,MKC,E,872.1,4,18,48.6,48.4,177.37
SH00098,2026-09-28,S02,Ozark Furniture,SGF,STL,P,554.7,4,7,84.2,79.2,154.7
SH00099,2026-09-28,S02,Ozark Furniture,SGF,TUL,P,973.2,3,7,148.5,139.0,253.29
SH00100,2026-09-28,S11,Ozark Building,SGF,TUL,P,856.8,6,20,35.2,42.8,238.84
SH00101,2026-09-28,S03,Paper Mill Supply,STL,TUL,P,1371.8,5,18,74.7,76.2,415.35
SH00102,2026-09-28,S04,Gateway Electronics,STL,MEM,P,587.2,4,10,49.1,58.7,167.95
SH00103,2026-09-28,S03,Paper Mill Supply,STL,MKC,P,1754.2,9,18,100.8,97.5,470.97
SH00104,2026-09-28,S01,AutoParts Co,SGF,TUL,P,1255.8,5,22,52.5,57.1,304.13
SH00105,2026-09-28,S06,Midwest Apparel,MKC,MEM,E,1287.8,7,8,167.9,161.0,288.54
SH00106,2026-09-28,S10,Plains Pharma,TUL,MKC,E,548.3,2,12,43.9,45.7,125.04
SH00107,2026-09-28,S02,Ozark Furniture,SGF,TUL,P,706.2,3,7,105.9,100.9,169.08
SH00108,2026-09-28,S09,Tulsa Beverage,TUL,MEM,E,1516.3,10,28,50.1,54.2,382.07
SH00109,2026-09-28,S03,Paper Mill Supply,STL,TUL,E,1165.1,4,18,51.9,64.7,281.38
SH00110,2026-09-28,S01,AutoParts Co,SGF,MKC,P,749.9,5,22,39.2,34.1,164.39
SH00111,2026-09-28,S02,Ozark Furniture,SGF,MEM,E,966.1,3,7,147.1,138.0,236.85
SH00112,2026-09-28,S05,KC Food Dist,MKC,SGF,P,2707.5,19,30,101.4,90.3,748.93
SH00113,2026-09-28,S04,Gateway Electronics,STL,MEM,P,464.3,1,10,52.9,46.4,138.63
SH00114,2026-09-28,S04,Gateway Electronics,STL,TUL,P,236.8,1,10,21.8,23.7,74.89
SH00115,2026-09-28,S07,Memphis Machinery,MEM,MKC,P,1298.8,8,25,52.1,52.0,390.62
SH00116,2026-09-28,S04,Gateway Electronics,STL,SGF,E,289.1,2,10,27.3,28.9,61.4
SH00117,2026-09-28,S01,AutoParts Co,SGF,TUL,E,1090.2,8,22,50.8,49.6,191.75
SH00118,2026-09-28,S06,Midwest Apparel,MKC,SGF,P,529.0,2,8,62.3,66.1,136.95
SH00119,2026-09-28,S12,Crossroads Retail,MKC,TUL,P,704.6,3,11,73.7,64.1,186.6
SH00120,2026-09-28,S10,Plains Pharma,TUL,SGF,E,244.8,1,12,19.0,20.4,57.8
SH00121,2026-09-28,S05,KC Food Dist,MKC,STL,E,1686.8,11,30,50.7,56.2,382.93
SH00122,2026-09-28,S10,Plains Pharma,TUL,MKC,P,514.8,2,12,41.9,42.9,143.21
SH00123,2026-09-28,S02,Ozark Furniture,SGF,STL,P,1028.2,7,7,148.9,146.9,324.12
SH00124,2026-09-28,S11,Ozark Building,SGF,STL,P,1647.3,12,20,78.1,82.4,384.35
SH00125,2026-09-28,S02,Ozark Furniture,SGF,MEM,E,949.4,6,7,116.7,135.6,208.62
SH00126,2026-09-28,S05,KC Food Dist,MKC,TUL,E,1521.3,9,30,48.7,50.7,327.93
SH00127,2026-09-28,S08,Delta Plastics,MEM,MKC,E,1015.9,6,9,112.8,112.9,239.58
SH00128,2026-09-28,S07,Memphis Machinery,MEM,SGF,P,2166.4,15,25,81.7,86.7,581.44
SH00129,2026-09-28,S11,Ozark Building,SGF,MEM,E,807.9,3,20,33.3,40.4,191.05
SH00130,2026-09-28,S11,Ozark Building,SGF,STL,E,744.9,2,20,33.3,37.2,165.29
SH00131,2026-09-28,S09,Tulsa Beverage,TUL,MEM,E,1555.2,9,28,53.0,55.5,360.89
SH00132,2026-09-28,S01,AutoParts Co,SGF,STL,E,415.8,1,22,18.5,18.9,88.59
SH00133,2026-09-28,S01,AutoParts Co,SGF,MKC,P,712.0,3,22,28.9,32.4,180.61
SH00134,2026-09-28,S01,AutoParts Co,SGF,MEM,E,832.3,6,22,40.8,37.8,178.67
SH00135,2026-09-28,S08,Delta Plastics,MEM,STL,P,574.6,2,9,52.2,63.8,172.98
SH00136,2026-09-28,S05,KC Food Dist,MKC,SGF,E,1381.7,8,30,49.8,46.1,307.25
SH00137,2026-09-28,S07,Memphis Machinery,MEM,SGF,P,1684.9,7,25,70.3,67.4,481.19
SH00138,2026-09-28,S01,AutoParts Co,SGF,TUL,P,1378.4,7,22,61.6,62.7,374.73
SH00139,2026-09-28,S12,Crossroads Retail,MKC,MEM,E,731.2,4,11,70.3,66.5,164.37
SH00140,2026-09-28,S02,Ozark Furniture,SGF,TUL,P,511.9,3,7,60.2,73.1,121.69
SH00141,2026-09-28,S12,Crossroads Retail,MKC,MEM,E,565.7,4,11,56.0,51.4,147.64
SH00142,2026-09-28,S10,Plains Pharma,TUL,STL,P,450.3,1,12,32.0,37.5,121.14
SH00143,2026-09-28,S09,Tulsa Beverage,TUL,SGF,P,602.5,3,28,17.3,21.5,167.0
SH00144,2026-09-28,S02,Ozark Furniture,SGF,MEM,P,937.4,6,7,115.9,133.9,272.55
SH00145,2026-09-28,S10,Plains Pharma,TUL,MEM,E,614.7,3,12,50.0,51.2,154.37
SH00146,2026-09-28,S04,Gateway Electronics,STL,MKC,P,460.3,3,10,50.3,46.0,119.08
SH00147,2026-09-28,S02,Ozark Furniture,SGF,MKC,P,403.9,3,7,59.3,57.7,115.99
SH00148,2026-09-28,S09,Tulsa Beverage,TUL,MEM,P,2294.0,12,28,77.8,81.9,696.51
SH00149,2026-09-28,S01,AutoParts Co,SGF,STL,P,906.4,4,22,39.8,41.2,233.05
SH00150,2026-09-28,S04,Gateway Electronics,STL,MKC,P,767.3,3,10,81.2,76.7,205.8
SH00151,2026-09-28,S06,Midwest Apparel,MKC,SGF,P,886.3,3,8,102.4,110.8,220.79
SH00152,2026-09-28,S03,Paper Mill Supply,STL,MKC,P,995.1,4,18,56.0,55.3,282.42
SH00153,2026-09-28,S11,Ozark Building,SGF,TUL,P,900.5,5,20,47.4,45.0,210.87
SH00154,2026-09-28,S05,KC Food Dist,MKC,TUL,P,389.3,3,30,14.1,13.0,104.23
SH00155,2026-09-28,S05,KC Food Dist,MKC,MEM,P,1038.9,6,30,39.8,34.6,289.02
SH00156,2026-09-28,S01,AutoParts Co,SGF,TUL,E,677.7,3,22,25.0,30.8,149.72
SH00157,2026-09-28,S09,Tulsa Beverage,TUL,MKC,P,1853.0,13,28,73.9,66.2,510.23
SH00158,2026-09-28,S05,KC Food Dist,MKC,STL,E,1016.6,6,30,30.3,33.9,208.88
SH00159,2026-09-28,S04,Gateway Electronics,STL,MKC,P,716.9,3,10,65.1,71.7,192.19
SH00160,2026-09-28,S10,Plains Pharma,TUL,SGF,E,221.8,1,12,18.7,18.5,42.87
SH00161,2026-09-28,S06,Midwest Apparel,MKC,MEM,E,455.9,2,8,54.3,57.0,114.59
SH00162,2026-09-28,S08,Delta Plastics,MEM,SGF,P,667.0,3,9,64.0,74.1,166.0
SH00163,2026-09-28,S10,Plains Pharma,TUL,SGF,P,616.9,3,12,48.9,51.4,167.85
SH00164,2026-09-28,S06,Midwest Apparel,MKC,TUL,P,443.3,3,8,57.7,55.4,119.3
SH00165,2026-09-28,S06,Midwest Apparel,MKC,MEM,E,768.6,3,8,89.1,96.1,198.96
SH00166,2026-09-28,S03,Paper Mill Supply,STL,MEM,E,1574.0,6,18,63.2,87.4,354.37
SH00167,2026-09-28,S02,Ozark Furniture,SGF,MKC,E,908.7,4,7,121.2,129.8,198.51
SH00168,2026-09-28,S04,Gateway Electronics,STL,MEM,P,471.5,2,10,51.4,47.1,133.6
SH00169,2026-09-28,S05,KC Food Dist,MKC,SGF,E,1276.5,5,30,40.6,42.5,257.57
SH00170,2026-09-28,S04,Gateway Electronics,STL,MEM,P,607.7,3,10,70.5,60.8,162.35
SH00171,2026-09-28,S06,Midwest Apparel,MKC,TUL,E,780.7,3,8,91.1,97.6,144.26
SH00172,2026-09-28,S02,Ozark Furniture,SGF,MKC,P,674.0,4,7,89.7,96.3,163.5
SH00173,2026-09-28,S03,Paper Mill Supply,STL,MKC,E,80.0,1,18,5.0,4.4,17.56
SH00174,2026-09-28,S06,Midwest Apparel,MKC,STL,E,415.3,2,8,55.7,51.9,87.75
SH00175,2026-09-28,S01,AutoParts Co,SGF,MKC,P,478.3,1,22,20.1,21.7,121.62
SH00176,2026-09-28,S01,AutoParts Co,SGF,MEM,P,936.8,5,22,37.8,42.6,268.09
SH00177,2026-09-28,S04,Gateway Electronics,STL,SGF,P,471.9,3,10,44.1,47.2,133.45
SH00178,2026-09-28,S05,KC Food Dist,MKC,STL,P,1871.1,14,30,56.4,62.4,517.03
SH00179,2026-09-28,S06,Midwest Apparel,MKC,STL,E,943.6,4,8,98.4,118.0,183.55
SH00180,2026-09-28,S05,KC Food Dist,MKC,SGF,P,596.5,3,30,22.2,19.9,172.92
SH00181,2026-09-28,S01,AutoParts Co,SGF,MEM,E,549.0,3,22,23.4,25.0,125.36
SH00182,2026-09-28,S03,Paper Mill Supply,STL,SGF,P,1558.0,6,18,77.7,86.6,439.52
SH00183,2026-09-28,S06,Midwest Apparel,MKC,SGF,E,1046.9,5,8,124.4,130.9,180.52
SH00184,2026-09-28,S03,Paper Mill Supply,STL,TUL,E,1184.9,6,18,69.5,65.8,303.62
SH00185,2026-09-28,S01,AutoParts Co,SGF,MEM,P,811.2,4,22,33.5,36.9,245.28
SH00186,2026-09-28,S04,Gateway Electronics,STL,SGF,P,354.0,1,10,38.7,35.4,98.08
SH00187,2026-09-28,S01,AutoParts Co,SGF,STL,E,1044.6,4,22,45.6,47.5,193.21
SH00188,2026-09-28,S09,Tulsa Beverage,TUL,MKC,P,1254.8,6,28,40.3,44.8,345.63
SH00189,2026-09-28,S02,Ozark Furniture,SGF,STL,P,684.4,4,7,111.5,97.8,181.18
SH00190,2026-09-28,S08,Delta Plastics,MEM,MKC,P,665.3,3,9,84.9,73.9,183.34
SH00191,2026-09-28,S09,Tulsa Beverage,TUL,MEM,E,1694.1,7,28,53.0,60.5,423.7
SH00192,2026-09-28,S05,KC Food Dist,MKC,SGF,P,1214.2,7,30,46.5,40.5,347.36
SH00193,2026-09-28,S07,Memphis Machinery,MEM,SGF,P,968.0,4,25,40.0,38.7,265.42
SH00194,2026-09-28,S02,Ozark Furniture,SGF,MEM,P,545.2,2,7,80.6,77.9,154.88
SH00195,2026-09-28,S03,Paper Mill Supply,STL,MEM,E,659.3,4,18,34.7,36.6,157.84
SH00196,2026-09-28,S01,AutoParts Co,SGF,MEM,E,371.4,1,22,17.1,16.9,88.68
SH00197,2026-09-28,S01,AutoParts Co,SGF,STL,E,640.0,4,22,27.5,29.1,154.04
SH00198,2026-09-28,S09,Tulsa Beverage,TUL,SGF,P,1928.1,13,28,67.1,68.9,519.58
SH00199,2026-09-28,S11,Ozark Building,SGF,STL,E,1076.6,7,20,59.8,53.8,252.0
SH00200,2026-09-28,S05,KC Food Dist,MKC,MEM,E,1960.6,15,30,71.5,65.4,521.21
SH00201,2026-09-28,S05,KC Food Dist,MKC,STL,P,1011.1,5,30,35.6,33.7,244.38
SH00202,2026-09-28,S03,Paper Mill Supply,STL,SGF,P,1234.1,5,18,73.7,68.6,325.7
SH00203,2026-09-28,S11,Ozark Building,SGF,TUL,E,1930.4,10,20,110.7,96.5,466.93
SH00204,2026-09-28,S03,Paper Mill Supply,STL,TUL,P,1133.4,9,18,56.2,63.0,357.43
SH00205,2026-09-28,S06,Midwest Apparel,MKC,STL,P,834.8,3,8,99.5,104.3,239.64
SH00206,2026-09-28,S06,Midwest Apparel,MKC,STL,P,1413.3,6,8,162.8,176.7,340.28
SH00207,2026-09-28,S07,Memphis Machinery,MEM,SGF,E,1813.8,13,25,78.6,72.6,403.26
SH00208,2026-09-28,S01,AutoParts Co,SGF,MEM,E,826.4,3,22,38.6,37.6,217.24
SH00209,2026-09-28,S04,Gateway Electronics,STL,TUL,P,390.4,2,10,39.9,39.0,121.4
SH00210,2026-09-28,S05,KC Food Dist,MKC,TUL,P,892.6,3,30,30.9,29.8,218.46
SH00211,2026-09-28,S06,Midwest Apparel,MKC,TUL,P,1006.9,4,8,124.6,125.9,279.41
SH00212,2026-09-28,S02,Ozark Furniture,SGF,TUL,E,935.1,3,7,134.1,133.6,191.39
SH00213,2026-09-28,S02,Ozark Furniture,SGF,TUL,P,1063.6,4,7,171.0,151.9,244.82
SH00214,2026-09-28,S03,Paper Mill Supply,STL,MKC,P,1465.3,6,18,90.5,81.4,413.21
SH00215,2026-09-28,S06,Midwest Apparel,MKC,SGF,E,367.3,1,8,41.6,45.9,79.27
SH00216,2026-09-28,S11,Ozark Building,SGF,MEM,P,1427.9,10,20,74.2,71.4,387.68
SH00217,2026-09-28,S04,Gateway Electronics,STL,SGF,P,388.3,2,10,36.3,38.8,106.92
SH00218,2026-09-28,S03,Paper Mill Supply,STL,SGF,E,1601.6,12,18,80.6,89.0,341.78
SH00219,2026-09-28,S06,Midwest Apparel,MKC,STL,P,412.2,1,8,51.4,51.5,105.37
SH00220,2026-09-28,S01,AutoParts Co,SGF,STL,P,710.7,5,22,29.4,32.3,205.04
SH00221,2026-09-28,S01,AutoParts Co,SGF,MEM,P,720.9,3,22,32.4,32.8,220.07
SH00222,2026-09-28,S10,Plains Pharma,TUL,SGF,E,167.9,1,12,13.1,14.0,33.28
SH00223,2026-09-28,S01,AutoParts Co,SGF,MEM,P,1358.7,5,22,68.8,61.8,405.53
SH00224,2026-09-28,S10,Plains Pharma,TUL,MKC,E,377.9,1,12,32.3,31.5,79.91
SH00225,2026-09-28,S01,AutoParts Co,SGF,MEM,P,344.5,2,22,14.3,15.7,91.46
SH00226,2026-09-28,S01,AutoParts Co,SGF,MEM,E,908.5,4,22,42.9,41.3,195.62
SH00227,2026-09-28,S01,AutoParts Co,SGF,TUL,P,828.6,4,22,43.8,37.7,216.5
SH00228,2026-09-28,S04,Gateway Electronics,STL,MEM,P,767.7,4,10,78.8,76.8,226.76
SH00229,2026-09-28,S05,KC Food Dist,MKC,TUL,P,1760.5,7,30,69.2,58.7,487.41
SH00230,2026-09-28,S07,Memphis Machinery,MEM,MKC,P,582.5,2,25,22.7,23.3,180.75
SH00231,2026-09-28,S07,Memphis Machinery,MEM,STL,P,2029.4,16,25,86.1,81.2,605.2
SH00232,2026-09-28,S11,Ozark Building,SGF,MKC,E,1000.8,5,20,50.3,50.0,209.08
SH00233,2026-09-28,S05,KC Food Dist,MKC,SGF,P,1270.7,4,30,52.5,42.4,333.86
SH00234,2026-09-28,S01,AutoParts Co,SGF,STL,E,1147.6,5,22,53.7,52.2,252.15
SH00235,2026-09-28,S05,KC Food Dist,MKC,STL,E,1261.9,5,30,37.7,42.1,307.29
SH00236,2026-09-28,S05,KC Food Dist,MKC,TUL,P,1091.1,6,30,33.8,36.4,299.42
SH00237,2026-09-28,S09,Tulsa Beverage,TUL,MKC,P,1881.3,13,28,71.0,67.2,489.08
SH00238,2026-09-28,S10,Plains Pharma,TUL,MKC,P,138.7,1,12,10.5,11.6,30.92
SH00239,2026-09-28,S05,KC Food Dist,MKC,SGF,E,859.9,5,30,30.9,28.7,196.79
SH00240,2026-09-28,S11,Ozark Building,SGF,STL,P,1786.3,8,20,75.1,89.3,507.98
SH00241,2026-09-28,S02,Ozark Furniture,SGF,MKC,E,822.3,6,7,93.9,117.5,162.09
SH00242,2026-09-28,S09,Tulsa Beverage,TUL,STL,P,1862.6,7,28,68.0,66.5,582.45
SH00243,2026-09-28,S05,KC Food Dist,MKC,TUL,P,1093.8,8,30,33.1,36.5,274.35
SH00244,2026-09-28,S03,Paper Mill Supply,STL,MEM,P,1318.9,7,18,63.9,73.3,345.39
SH00245,2026-09-28,S01,AutoParts Co,SGF,MEM,E,1038.4,4,22,35.8,47.2,240.34
SH00246,2026-09-28,S05,KC Food Dist,MKC,SGF,E,1669.8,12,30,51.1,55.7,401.49
SH00247,2026-09-28,S05,KC Food Dist,MKC,STL,E,963.0,6,30,37.1,32.1,216.55
SH00248,2026-09-28,S08,Delta Plastics,MEM,MKC,P,204.0,1,9,23.1,22.7,57.19
SH00249,2026-09-28,S03,Paper Mill Supply,STL,SGF,E,1378.5,7,18,75.4,76.6,267.68
SH00250,2026-09-28,S02,Ozark Furniture,SGF,MKC,P,1065.1,5,7,178.9,152.2,243.61
SH00251,2026-09-28,S08,Delta Plastics,MEM,SGF,E,682.1,4,9,89.0,75.8,160.93
SH00252,2026-09-28,S09,Tulsa Beverage,TUL,SGF,E,1980.4,8,28,77.4,70.7,407.73
SH00253,2026-09-28,S08,Delta Plastics,MEM,MKC,P,1129.1,7,9,129.1,125.5,304.74
SH00254,2026-09-28,S02,Ozark Furniture,SGF,MKC,E,800.4,3,7,140.2,114.3,130.26
SH00255,2026-09-28,S07,Memphis Machinery,MEM,STL,P,2065.1,12,25,82.0,82.6,588.74
SH00256,2026-09-28,S06,Midwest Apparel,MKC,SGF,P,694.3,3,8,91.6,86.8,173.95
SH00257,2026-09-28,S07,Memphis Machinery,MEM,SGF,P,1678.5,11,25,50.1,67.1,479.17
SH00258,2026-09-28,S07,Memphis Machinery,MEM,SGF,P,1615.4,10,25,59.8,64.6,482.78
SH00259,2026-09-28,S06,Midwest Apparel,MKC,TUL,P,352.2,2,8,42.7,44.0,99.84
SH00260,2026-09-28,S01,AutoParts Co,SGF,STL,P,1345.2,5,22,59.6,61.1,361.87
SH00261,2026-09-28,S08,Delta Plastics,MEM,SGF,P,518.3,2,9,65.4,57.6,135.75
SH00262,2026-09-28,S03,Paper Mill Supply,STL,MEM,E,703.8,5,18,39.3,39.1,163.8
SH00263,2026-09-28,S12,Crossroads Retail,MKC,STL,P,501.6,2,11,51.9,45.6,153.81
SH00264,2026-09-28,S09,Tulsa Beverage,TUL,SGF,E,2348.6,10,28,89.4,83.9,553.37
SH00265,2026-09-28,S01,AutoParts Co,SGF,STL,P,1149.7,6,22,47.9,52.3,331.75
SH00266,2026-09-28,S03,Paper Mill Supply,STL,MEM,P,722.1,2,18,36.6,40.1,185.6
SH00267,2026-09-28,S02,Ozark Furniture,SGF,MEM,P,979.2,8,7,140.6,139.9,298.14
SH00268,2026-09-28,S01,AutoParts Co,SGF,STL,E,839.1,3,22,35.6,38.1,186.31
SH00269,2026-09-28,S06,Midwest Apparel,MKC,TUL,P,151.3,1,8,21.7,18.9,39.55
SH00270,2026-09-28,S05,KC Food Dist,MKC,STL,P,1139.4,8,30,44.9,38.0,276.89
SH00271,2026-09-28,S07,Memphis Machinery,MEM,MKC,P,1224.4,8,25,57.6,49.0,371.35
SH00272,2026-09-28,S09,Tulsa Beverage,TUL,MEM,P,1648.6,12,28,67.8,58.9,441.11
SH00273,2026-09-28,S07,Memphis Machinery,MEM,TUL,P,1376.5,10,25,41.7,55.1,467.3
SH00274,2026-09-28,S08,Delta Plastics,MEM,TUL,P,587.9,2,9,64.0,65.3,180.48
SH00275,2026-09-28,S12,Crossroads Retail,MKC,SGF,P,100.9,1,11,8.4,9.2,25.16
SH00276,2026-09-28,S11,Ozark Building,SGF,MKC,P,1152.2,5,20,53.3,57.6,274.91
SH00277,2026-09-28,S07,Memphis Machinery,MEM,MKC,E,1629.7,7,25,64.6,65.2,387.29
SH00278,2026-09-28,S09,Tulsa Beverage,TUL,SGF,E,1397.0,9,28,57.1,49.9,273.82
SH00279,2026-09-28,S07,Memphis Machinery,MEM,MKC,P,1512.9,12,25,53.4,60.5,423.48
SH00280,2026-09-28,S01,AutoParts Co,SGF,STL,P,897.4,3,22,39.7,40.8,223.91
SH00281,2026-09-28,S01,AutoParts Co,SGF,MEM,P,1342.3,11,22,68.8,61.0,342.83
SH00282,2026-09-28,S03,Paper Mill Supply,STL,MKC,E,906.4,5,18,44.1,50.4,244.8
SH00283,2026-09-28,S02,Ozark Furniture,SGF,MKC,E,442.6,2,7,65.7,63.2,85.27
SH00284,2026-09-28,S09,Tulsa Beverage,TUL,MKC,P,1636.4,7,28,70.1,58.4,398.3
SH00285,2026-09-28,S02,Ozark Furniture,SGF,STL,P,839.7,3,7,120.9,120.0,229.62
SH00286,2026-09-28,S06,Midwest Apparel,MKC,TUL,P,531.9,2,8,66.1,66.5,138.3
SH00287,2026-09-28,S01,AutoParts Co,SGF,STL,E,858.7,3,22,42.6,39.0,147.63
SH00288,2026-09-28,S05,KC Food Dist,MKC,SGF,E,2140.9,16,30,74.3,71.4,380.71
SH00289,2026-09-28,S09,Tulsa Beverage,TUL,MEM,E,1384.4,7,28,54.7,49.4,336.66
SH00290,2026-09-28,S07,Memphis Machinery,MEM,STL,E,1013.2,6,25,43.2,40.5,255.34
SH00291,2026-09-28,S05,KC Food Dist,MKC,STL,P,2161.5,13,30,68.2,72.1,603.93
SH00292,2026-09-28,S10,Plains Pharma,TUL,MEM,E,389.1,2,12,31.0,32.4,106.92
SH00293,2026-09-28,S07,Memphis Machinery,MEM,TUL,P,1756.8,10,25,75.7,70.3,515.69
SH00294,2026-09-28,S05,KC Food Dist,MKC,SGF,P,2077.1,16,30,63.1,69.2,569.49
SH00295,2026-09-28,S10,Plains Pharma,TUL,STL,E,497.6,2,12,45.7,41.5,110.48
SH00296,2026-09-28,S11,Ozark Building,SGF,STL,P,1546.6,8,20,74.1,77.3,407.95
SH00297,2026-09-28,S11,Ozark Building,SGF,MKC,E,1641.5,6,20,67.1,82.1,327.82
SH00298,2026-09-28,S01,AutoParts Co,SGF,MKC,E,1187.2,4,22,55.8,54.0,279.05
SH00299,2026-09-28,S06,Midwest Apparel,MKC,TUL,E,641.6,3,8,84.4,80.2,128.64
SH00300,2026-09-28,S03,Paper Mill Supply,STL,MEM,P,1014.5,8,18,47.9,56.4,285.82
SH00301,2026-09-28,S12,Crossroads Retail,MKC,TUL,E,987.6,7,11,95.7,89.8,234.27
SH00302,2026-09-28,S04,Gateway Electronics,STL,MEM,P,210.9,1,10,18.7,21.1,58.33
SH00303,2026-09-28,S08,Delta Plastics,MEM,MKC,E,968.7,5,9,124.5,107.6,250.63
SH00304,2026-09-28,S08,Delta Plastics,MEM,TUL,E,559.6,2,9,58.9,62.2,146.64
SH00305,2026-09-28,S07,Memphis Machinery,MEM,MKC,P,1392.9,7,25,61.8,55.7,392.34
SH00306,2026-09-28,S01,AutoParts Co,SGF,MEM,P,407.2,1,22,18.5,18.5,108.57
SH00307,2026-09-28,S07,Memphis Machinery,MEM,MKC,P,1300.4,8,25,56.9,52.0,366.74
SH00308,2026-09-28,S10,Plains Pharma,TUL,MEM,P,478.6,3,12,38.5,39.9,131.36
SH00309,2026-09-28,S05,KC Food Dist,MKC,STL,P,1204.3,6,30,42.0,40.1,315.02
SH00310,2026-09-28,S05,KC Food Dist,MKC,STL,E,576.2,3,30,16.0,19.2,141.01
SH00311,2026-09-28,S07,Memphis Machinery,MEM,STL,E,1992.8,9,25,79.3,79.7,471.38
SH00312,2026-09-28,S09,Tulsa Beverage,TUL,STL,E,1166.2,4,28,49.1,41.6,294.34
SH00313,2026-09-28,S09,Tulsa Beverage,TUL,MKC,E,1760.1,9,28,64.1,62.9,354.6
SH00314,2026-09-28,S04,Gateway Electronics,STL,SGF,E,372.0,2,10,35.7,37.2,74.1
SH00315,2026-09-28,S09,Tulsa Beverage,TUL,MKC,E,1594.0,10,28,55.5,56.9,326.98
SH00316,2026-09-28,S08,Delta Plastics,MEM,STL,P,954.4,4,9,101.4,106.0,278.82
SH00317,2026-09-28,S01,AutoParts Co,SGF,STL,P,992.7,7,22,47.8,45.1,230.93
SH00318,2026-09-28,S09,Tulsa Beverage,TUL,MEM,P,1487.4,7,28,42.6,53.1,463.33
SH00319,2026-09-28,S02,Ozark Furniture,SGF,STL,E,258.9,1,7,31.0,37.0,57.32
SH00320,2026-09-28,S07,Memphis Machinery,MEM,TUL,E,2058.8,16,25,86.0,82.4,557.68
SH00321,2026-09-28,S06,Midwest Apparel,MKC,TUL,P,621.4,3,8,72.9,77.7,168.71
SH00322,2026-09-28,S02,Ozark Furniture,SGF,MKC,P,205.9,1,7,27.1,29.4,55.97
SH00323,2026-09-28,S08,Delta Plastics,MEM,SGF,P,434.6,2,9,57.6,48.3,108.83
SH00324,2026-09-28,S01,AutoParts Co,SGF,STL,P,915.2,3,22,41.8,41.6,251.32
SH00325,2026-09-28,S01,AutoParts Co,SGF,TUL,P,977.7,3,22,48.9,44.4,262.5
SH00326,2026-09-28,S04,Gateway Electronics,STL,MKC,E,198.2,1,10,21.0,19.8,44.12
SH00327,2026-09-28,S04,Gateway Electronics,STL,MKC,P,504.8,2,10,57.0,50.5,137.69
SH00328,2026-09-28,S02,Ozark Furniture,SGF,MEM,E,307.5,2,7,37.6,43.9,68.05
SH00329,2026-09-28,S03,Paper Mill Supply,STL,SGF,E,564.3,2,18,36.7,31.4,113.3
SH00330,2026-09-28,S09,Tulsa Beverage,TUL,MKC,P,1484.5,8,28,56.4,53.0,458.49
SH00331,2026-09-28,S04,Gateway Electronics,STL,TUL,P,433.6,2,10,46.0,43.4,143.24
SH00332,2026-09-28,S12,Crossroads Retail,MKC,TUL,P,682.0,2,11,67.4,62.0,210.43
SH00333,2026-09-28,S08,Delta Plastics,MEM,MKC,E,905.7,3,9,84.1,100.6,237.84
SH00334,2026-09-28,S05,KC Food Dist,MKC,STL,E,1129.9,6,30,35.1,37.7,271.29
SH00335,2026-09-28,S02,Ozark Furniture,SGF,STL,E,440.0,1,7,67.7,62.9,98.09
SH00336,2026-09-28,S01,AutoParts Co,SGF,MEM,P,1311.8,5,22,50.7,59.6,343.35
SH00337,2026-09-28,S03,Paper Mill Supply,STL,MKC,P,1457.1,8,18,88.6,80.9,392.67
SH00338,2026-09-28,S11,Ozark Building,SGF,MKC,E,624.4,4,20,29.7,31.2,124.15
SH00339,2026-09-28,S04,Gateway Electronics,STL,MKC,P,364.9,3,10,39.0,36.5,100.87
SH00340,2026-09-28,S01,AutoParts Co,SGF,MEM,E,1052.2,5,22,45.0,47.8,228.94
SH00341,2026-09-28,S11,Ozark Building,SGF,MEM,P,1828.3,7,20,94.4,91.4,502.82
SH00342,2026-09-28,S05,KC Food Dist,MKC,SGF,P,1374.4,5,30,48.8,45.8,397.45
SH00343,2026-09-28,S05,KC Food Dist,MKC,TUL,P,2116.2,12,30,64.7,70.5,562.66
SH00344,2026-09-28,S06,Midwest Apparel,MKC,MEM,P,762.9,3,8,94.1,95.4,210.65
SH00345,2026-09-28,S09,Tulsa Beverage,TUL,SGF,P,2949.8,16,28,107.3,105.3,740.3
SH00346,2026-09-28,S02,Ozark Furniture,SGF,MEM,P,576.8,3,7,78.5,82.4,152.45
SH00347,2026-09-28,S05,KC Food Dist,MKC,MEM,E,2541.0,10,30,95.4,84.7,604.06
SH00348,2026-09-28,S04,Gateway Electronics,STL,TUL,P,581.9,2,10,57.0,58.2,187.45
SH00349,2026-09-28,S01,AutoParts Co,SGF,MKC,P,1290.2,6,22,62.3,58.6,339.04
SH00350,2026-09-28,S02,Ozark Furniture,SGF,TUL,E,962.0,6,7,153.7,137.4,191.01
SH00351,2026-09-28,S07,Memphis Machinery,MEM,STL,P,1124.3,4,25,52.1,45.0,331.91
SH00352,2026-09-28,S05,KC Food Dist,MKC,SGF,P,1415.4,6,30,49.4,47.2,353.85
SH00353,2026-09-28,S07,Memphis Machinery,MEM,SGF,P,1739.5,7,25,63.5,69.6,448.15
SH00354,2026-09-28,S08,Delta Plastics,MEM,STL,E,978.0,3,9,123.0,108.7,270.65
SH00355,2026-09-28,S05,KC Food Dist,MKC,SGF,P,2344.2,12,30,72.6,78.1,656.99
SH00356,2026-09-28,S10,Plains Pharma,TUL,MEM,P,363.3,2,12,31.6,30.3,107.99
SH00357,2026-09-28,S11,Ozark Building,SGF,MKC,E,488.3,2,20,21.2,24.4,94.0
SH00358,2026-09-28,S01,AutoParts Co,SGF,STL,P,946.4,4,22,35.5,43.0,256.32
SH00359,2026-09-28,S02,Ozark Furniture,SGF,MKC,P,617.6,2,7,96.2,88.2,145.67
SH00360,2026-09-28,S04,Gateway Electronics,STL,SGF,P,542.3,2,10,59.4,54.2,151.71
SH00361,2026-09-28,S04,Gateway Electronics,STL,MKC,P,408.7,3,10,36.0,40.9,108.03
SH00362,2026-09-28,S08,Delta Plastics,MEM,SGF,E,658.3,4,9,73.1,73.1,159.14
SH00363,2026-09-28,S09,Tulsa Beverage,TUL,SGF,P,1272.4,9,28,37.8,45.4,334.98
SH00364,2026-09-28,S11,Ozark Building,SGF,STL,E,1294.6,5,20,55.4,64.7,261.46
SH00365,2026-09-28,S04,Gateway Electronics,STL,MEM,P,80.0,1,10,7.8,8.0,20.93
SH00366,2026-09-28,S01,AutoParts Co,SGF,MEM,P,363.5,1,22,18.1,16.5,108.72
SH00367,2026-09-28,S02,Ozark Furniture,SGF,TUL,E,632.9,4,7,84.4,90.4,119.7
SH00368,2026-09-28,S04,Gateway Electronics,STL,MEM,E,753.5,3,10,83.3,75.3,182.93
SH00369,2026-09-28,S03,Paper Mill Supply,STL,TUL,P,1224.7,7,18,73.5,68.0,406.72
SH00370,2026-09-28,S02,Ozark Furniture,SGF,MEM,P,505.3,2,7,69.7,72.2,137.44
SH00371,2026-09-28,S06,Midwest Apparel,MKC,SGF,P,440.7,2,8,50.7,55.1,108.85
SH00372,2026-09-28,S01,AutoParts Co,SGF,STL,E,846.7,6,22,33.9,38.5,189.81
SH00373,2026-09-28,S01,AutoParts Co,SGF,MEM,E,874.3,3,22,34.6,39.7,209.45
SH00374,2026-09-28,S09,Tulsa Beverage,TUL,MEM,E,1580.5,8,28,57.9,56.4,413.27
SH00375,2026-09-28,S09,Tulsa Beverage,TUL,MEM,E,1565.9,9,28,65.8,55.9,440.87
SH00376,2026-09-28,S09,Tulsa Beverage,TUL,MEM,E,1836.5,11,28,65.8,65.6,454.18
SH00377,2026-09-28,S05,KC Food Dist,MKC,STL,P,1695.3,12,30,62.4,56.5,433.32
SH00378,2026-09-28,S10,Plains Pharma,TUL,SGF,E,512.4,2,12,39.9,42.7,113.25
SH00379,2026-09-28,S11,Ozark Building,SGF,MEM,E,1058.4,4,20,50.3,52.9,238.34
SH00380,2026-09-28,S03,Paper Mill Supply,STL,TUL,E,102.5,1,18,6.4,5.7,24.34
SH00381,2026-09-28,S11,Ozark Building,SGF,MEM,E,1023.0,6,20,54.9,51.1,251.29
SH00382,2026-09-28,S06,Midwest Apparel,MKC,MEM,P,630.8,4,8,87.1,78.9,201.26
SH00383,2026-09-28,S08,Delta Plastics,MEM,MKC,E,1214.5,5,9,122.2,134.9,301.53
SH00384,2026-09-28,S04,Gateway Electronics,STL,MEM,E,785.9,4,10,83.7,78.6,153.61
SH00385,2026-09-28,S01,AutoParts Co,SGF,MKC,P,1298.1,6,22,60.3,59.0,337.77
SH00386,2026-09-28,S03,Paper Mill Supply,STL,SGF,E,1141.0,4,18,54.6,63.4,239.06
SH00387,2026-09-28,S04,Gateway Electronics,STL,MKC,P,475.0,3,10,46.3,47.5,126.47
SH00388,2026-09-28,S06,Midwest Apparel,MKC,SGF,E,684.7,5,8,96.4,85.6,132.74
SH00389,2026-09-28,S09,Tulsa Beverage,TUL,SGF,E,1505.7,8,28,58.0,53.8,311.47
SH00390,2026-09-28,S05,KC Food Dist,MKC,TUL,P,1641.3,9,30,53.2,54.7,433.97
SH00391,2026-09-28,S11,Ozark Building,SGF,STL,P,1690.2,7,20,87.9,84.5,447.45
SH00392,2026-09-28,S03,Paper Mill Supply,STL,SGF,P,1312.1,5,18,72.5,72.9,331.85
SH00393,2026-09-28,S02,Ozark Furniture,SGF,MEM,E,594.8,2,7,88.1,85.0,148.77
SH00394,2026-09-28,S01,AutoParts Co,SGF,MKC,P,291.1,2,22,13.8,13.2,76.83
SH00395,2026-09-28,S01,AutoParts Co,SGF,MKC,P,1134.7,7,22,45.1,51.6,327.14
SH00396,2026-09-28,S08,Delta Plastics,MEM,TUL,P,1018.0,4,9,104.6,113.1,310.8
SH00397,2026-09-28,S01,AutoParts Co,SGF,MKC,P,1062.6,5,22,51.3,48.3,237.18
SH00398,2026-09-28,S06,Midwest Apparel,MKC,SGF,P,369.5,1,8,43.4,46.2,77.6
SH00399,2026-09-28,S04,Gateway Electronics,STL,SGF,P,553.9,2,10,58.3,55.4,178.53
SH00400,2026-09-28,S01,AutoParts Co,SGF,STL,E,1018.3,6,22,39.7,46.3,230.33
SH00401,2026-09-28,S09,Tulsa Beverage,TUL,MEM,P,1574.5,6,28,48.6,56.2,507.62
SH00402,2026-09-28,S09,Tulsa Beverage,TUL,SGF,E,2017.0,8,28,80.1,72.0,439.62
SH00403,2026-09-28,S06,Midwest Apparel,MKC,MEM,P,822.1,4,8,90.1,102.8,256.34
SH00404,2026-09-28,S01,AutoParts Co,SGF,STL,E,1360.4,5,22,49.2,61.8,288.43
SH00405,2026-09-28,S12,Crossroads Retail,MKC,SGF,E,443.7,3,11,43.4,40.3,90.14
SH00406,2026-09-28,S02,Ozark Furniture,SGF,STL,E,923.8,4,7,124.0,132.0,213.94
SH00407,2026-09-28,S10,Plains Pharma,TUL,SGF,E,382.6,2,12,24.7,31.9,84.56
SH00408,2026-09-28,S03,Paper Mill Supply,STL,TUL,P,1625.0,6,18,89.6,90.3,478.24
SH00409,2026-09-28,S01,AutoParts Co,SGF,STL,P,739.7,3,22,34.8,33.6,193.4
SH00410,2026-09-28,S03,Paper Mill Supply,STL,MKC,P,525.9,2,18,29.3,29.2,137.42
SH00411,2026-09-28,S05,KC Food Dist,MKC,STL,P,1024.5,8,30,26.7,34.2,290.61
SH00412,2026-09-28,S05,KC Food Dist,MKC,TUL,E,1637.1,6,30,58.0,54.6,339.71
SH00413,2026-09-28,S09,Tulsa Beverage,TUL,MKC,P,877.2,4,28,30.5,31.3,274.37
SH00414,2026-09-28,S07,Memphis Machinery,MEM,TUL,P,1096.8,6,25,35.9,43.9,352.1
SH00415,2026-09-28,S04,Gateway Electronics,STL,MKC,P,110.7,1,10,11.6,11.1,29.11
SH00416,2026-09-28,S05,KC Food Dist,MKC,TUL,E,826.1,5,30,25.7,27.5,194.39
SH00417,2026-09-28,S01,AutoParts Co,SGF,MEM,E,826.5,3,22,32.5,37.6,195.04
SH00418,2026-09-28,S08,Delta Plastics,MEM,TUL,P,1018.3,4,9,114.9,113.1,309.43
SH00419,2026-09-28,S07,Memphis Machinery,MEM,MKC,P,1626.7,7,25,64.9,65.1,530.69
SH00420,2026-09-28,S02,Ozark Furniture,SGF,MKC,E,701.6,3,7,84.5,100.2,139.19
SH00421,2026-09-28,S09,Tulsa Beverage,TUL,SGF,P,1425.1,9,28,67.1,50.9,392.08
SH00422,2026-09-28,S11,Ozark Building,SGF,TUL,E,2395.2,10,20,143.2,119.8,464.3
SH00423,2026-09-28,S12,Crossroads Retail,MKC,SGF,P,466.1,3,11,41.3,42.4,113.3
SH00424,2026-09-28,S05,KC Food Dist,MKC,MEM,E,2232.9,16,30,72.4,74.4,566.06
SH00425,2026-09-28,S01,AutoParts Co,SGF,MEM,P,462.6,2,22,19.7,21.0,127.54
SH00426,2026-09-28,S06,Midwest Apparel,MKC,MEM,P,851.8,5,8,96.4,106.5,266.8
SH00427,2026-09-28,S12,Crossroads Retail,MKC,TUL,P,432.5,2,11,36.9,39.3,106.62
SH00428,2026-09-28,S04,Gateway Electronics,STL,TUL,P,700.0,2,10,74.6,70.0,219.62
SH00429,2026-09-28,S03,Paper Mill Supply,STL,MEM,E,1874.2,8,18,107.5,104.1,390.94
SH00430,2026-09-28,S04,Gateway Electronics,STL,MEM,P,396.7,1,10,35.3,39.7,110.99
SH00431,2026-09-28,S01,AutoParts Co,SGF,MKC,E,763.2,4,22,31.6,34.7,165.92
SH00432,2026-09-28,S06,Midwest Apparel,MKC,TUL,E,940.1,6,8,106.8,117.5,229.8
SH00433,2026-09-28,S08,Delta Plastics,MEM,TUL,E,482.0,2,9,52.0,53.6,143.82
SH00434,2026-09-28,S10,Plains Pharma,TUL,MKC,E,403.3,1,12,33.0,33.6,96.8
SH00435,2026-09-28,S03,Paper Mill Supply,STL,MEM,P,1494.8,7,18,78.1,83.0,422.29
SH00436,2026-09-28,S05,KC Food Dist,MKC,TUL,P,2139.2,13,30,79.5,71.3,552.47
SH00437,2026-09-28,S09,Tulsa Beverage,TUL,SGF,E,704.5,3,28,23.2,25.2,124.31
SH00438,2026-09-28,S02,Ozark Furniture,SGF,MEM,E,1219.7,6,7,154.1,174.2,281.37
SH00439,2026-09-28,S08,Delta Plastics,MEM,STL,P,1015.3,4,9,96.0,112.8,261.4
SH00440,2026-09-28,S05,KC Food Dist,MKC,MEM,P,1868.4,10,30,61.2,62.3,469.73
SH00441,2026-09-28,S01,AutoParts Co,SGF,MKC,P,560.9,2,22,28.4,25.5,147.58
SH00442,2026-09-28,S02,Ozark Furniture,SGF,MEM,E,684.2,3,7,91.3,97.7,148.56
SH00443,2026-09-28,S03,Paper Mill Supply,STL,MEM,E,309.8,1,18,16.5,17.2,70.86
SH00444,2026-09-28,S06,Midwest Apparel,MKC,MEM,P,1136.5,4,8,131.7,142.1,323.43
SH00445,2026-09-28,S03,Paper Mill Supply,STL,MEM,P,1465.3,10,18,68.3,81.4,448.43
SH00446,2026-09-28,S04,Gateway Electronics,STL,MEM,P,491.9,2,10,47.4,49.2,138.74
SH00447,2026-09-28,S06,Midwest Apparel,MKC,STL,P,878.4,7,8,124.3,109.8,244.8
SH00448,2026-09-28,S01,AutoParts Co,SGF,MKC,P,902.7,6,22,32.2,41.0,228.7
SH00449,2026-09-28,S01,AutoParts Co,SGF,TUL,P,1302.1,5,22,69.0,59.2,268.97
SH00450,2026-09-28,S01,AutoParts Co,SGF,STL,P,844.1,5,22,33.9,38.4,236.42
SH00451,2026-09-28,S01,AutoParts Co,SGF,STL,P,863.3,3,22,45.1,39.2,233.85
SH00452,2026-09-28,S03,Paper Mill Supply,STL,MEM,P,670.4,4,18,34.8,37.2,205.8
SH00453,2026-09-28,S04,Gateway Electronics,STL,MEM,P,231.9,1,10,23.7,23.2,67.06
SH00454,2026-09-28,S09,Tulsa Beverage,TUL,MKC,E,759.5,3,28,28.8,27.1,174.69
SH00455,2026-09-28,S08,Delta Plastics,MEM,TUL,P,554.2,2,9,62.3,61.6,155.88
SH00456,2026-09-28,S01,AutoParts Co,SGF,MKC,P,732.3,4,22,33.8,33.3,186.67
SH00457,2026-09-28,S09,Tulsa Beverage,TUL,SGF,P,2077.9,12,28,70.0,74.2,560.57
SH00458,2026-09-28,S03,Paper Mill Supply,STL,TUL,P,1981.9,11,18,110.4,110.1,593.83
SH00459,2026-09-28,S10,Plains Pharma,TUL,MEM,P,558.4,3,12,46.6,46.5,159.0
SH00460,2026-09-28,S01,AutoParts Co,SGF,TUL,E,1245.8,8,22,56.1,56.6,259.83
SH00461,2026-09-28,S09,Tulsa Beverage,TUL,MEM,P,1955.0,8,28,89.7,69.8,590.49
SH00462,2026-09-28,S04,Gateway Electronics,STL,MEM,P,519.1,2,10,47.1,51.9,144.51
SH00463,2026-09-28,S05,KC Food Dist,MKC,SGF,E,1889.7,7,30,61.1,63.0,273.74
SH00464,2026-09-28,S10,Plains Pharma,TUL,MEM,E,82.1,1,12,6.2,6.8,18.76
SH00465,2026-09-28,S06,Midwest Apparel,MKC,STL,P,798.4,3,8,110.0,99.8,206.34
SH00466,2026-09-28,S08,Delta Plastics,MEM,STL,E,644.2,3,9,82.4,71.6,140.72
SH00467,2026-09-28,S01,AutoParts Co,SGF,MKC,E,1047.1,4,22,50.5,47.6,221.61
SH00468,2026-09-28,S10,Plains Pharma,TUL,SGF,E,364.7,1,12,33.0,30.4,65.99
SH00469,2026-09-28,S08,Delta Plastics,MEM,MKC,P,1827.9,10,9,251.9,203.1,549.58
SH00470,2026-09-28,S08,Delta Plastics,MEM,TUL,P,752.8,3,9,93.7,83.6,251.36
SH00471,2026-09-28,S02,Ozark Furniture,SGF,MKC,P,559.2,2,7,61.6,79.9,139.78
SH00472,2026-09-28,S09,Tulsa Beverage,TUL,MEM,E,931.2,4,28,30.4,33.3,248.85
SH00473,2026-09-28,S06,Midwest Apparel,MKC,STL,P,488.5,3,8,49.8,61.1,135.9
SH00474,2026-09-28,S01,AutoParts Co,SGF,TUL,E,1106.2,5,22,56.0,50.3,264.06
SH00475,2026-09-28,S05,KC Food Dist,MKC,MEM,E,1521.0,7,30,49.1,50.7,306.22
SH00476,2026-09-28,S02,Ozark Furniture,SGF,MKC,E,938.6,7,7,162.0,134.1,223.59
SH00477,2026-09-28,S11,Ozark Building,SGF,STL,E,1884.1,13,20,83.2,94.2,361.91
SH00478,2026-09-28,S08,Delta Plastics,MEM,STL,E,429.4,2,9,43.6,47.7,90.27
SH00479,2026-09-28,S08,Delta Plastics,MEM,STL,P,908.2,4,9,89.1,100.9,256.57
SH00480,2026-09-28,S02,Ozark Furniture,SGF,MEM,P,1239.8,7,7,177.3,177.1,332.35
SH00481,2026-09-28,S01,AutoParts Co,SGF,STL,E,965.2,4,22,36.0,43.9,215.12
SH00482,2026-09-28,S01,AutoParts Co,SGF,TUL,E,948.3,6,22,44.5,43.1,213.12
SH00483,2026-09-28,S05,KC Food Dist,MKC,STL,E,1576.2,8,30,42.9,52.5,412.03
SH00484,2026-09-28,S01,AutoParts Co,SGF,STL,P,1081.5,7,22,53.6,49.2,318.38
SH00485,2026-09-28,S06,Midwest Apparel,MKC,SGF,P,169.4,1,8,18.5,21.2,43.25
SH00486,2026-09-28,S05,KC Food Dist,MKC,SGF,E,1908.9,10,30,62.6,63.6,372.4
SH00487,2026-09-28,S05,KC Food Dist,MKC,STL,E,1643.5,6,30,58.0,54.8,368.43
SH00488,2026-09-28,S07,Memphis Machinery,MEM,TUL,P,2425.6,11,25,102.5,97.0,706.89
SH00489,2026-09-28,S07,Memphis Machinery,MEM,STL,P,1706.3,8,25,66.5,68.3,517.24
SH00490,2026-09-28,S05,KC Food Dist,MKC,SGF,P,1545.5,7,30,50.1,51.5,457.36
SH00491,2026-09-28,S04,Gateway Electronics,STL,MEM,P,534.5,3,10,48.1,53.5,146.82
SH00492,2026-09-28,S07,Memphis Machinery,MEM,SGF,P,1745.9,7,25,66.2,69.8,466.58
SH00493,2026-09-28,S01,AutoParts Co,SGF,STL,P,703.0,2,22,31.8,32.0,172.01
SH00494,2026-09-28,S11,Ozark Building,SGF,MEM,P,1937.7,11,20,102.6,96.9,530.89
SH00495,2026-09-28,S12,Crossroads Retail,MKC,SGF,P,649.6,3,11,62.1,59.1,177.82
SH00496,2026-09-28,S11,Ozark Building,SGF,MEM,P,1118.4,6,20,45.9,55.9,304.0
SH00497,2026-09-28,S04,Gateway Electronics,STL,MEM,P,259.4,1,10,28.5,25.9,64.7
SH00498,2026-09-28,S04,Gateway Electronics,STL,MEM,P,611.5,3,10,66.7,61.2,182.9
SH00499,2026-09-28,S07,Memphis Machinery,MEM,TUL,P,1837.7,8,25,78.7,73.5,563.25
SH00500,2026-09-28,S09,Tulsa Beverage,TUL,MEM,E,1606.0,7,28,60.2,57.4,362.85
SH00501,2026-09-28,S11,Ozark Building,SGF,MEM,E,1508.4,8,20,77.6,75.4,350.76
SH00502,2026-09-28,S01,AutoParts Co,SGF,STL,E,1064.6,4,22,53.6,48.4,268.0
SH00503,2026-09-28,S11,Ozark Building,SGF,MEM,E,1491.1,9,20,76.0,74.6,408.87
SH00504,2026-09-28,S10,Plains Pharma,TUL,SGF,P,440.6,3,12,32.0,36.7,121.83
SH00505,2026-09-28,S09,Tulsa Beverage,TUL,MKC,P,2060.2,8,28,81.3,73.6,608.89
SH00506,2026-09-28,S02,Ozark Furniture,SGF,TUL,P,336.9,1,7,46.2,48.1,85.13
SH00507,2026-09-28,S10,Plains Pharma,TUL,MKC,E,792.0,4,12,71.1,66.0,163.6
SH00508,2026-09-28,S09,Tulsa Beverage,TUL,MEM,P,1878.0,7,28,68.5,67.1,565.5
SH00509,2026-09-28,S01,AutoParts Co,SGF,STL,P,741.3,3,22,32.2,33.7,168.77
SH00510,2026-09-28,S09,Tulsa Beverage,TUL,MEM,P,1950.3,14,28,82.5,69.7,597.17
SH00511,2026-09-28,S05,KC Food Dist,MKC,STL,P,1902.5,13,30,57.8,63.4,484.73
SH00512,2026-09-28,S07,Memphis Machinery,MEM,STL,P,445.0,2,25,15.1,17.8,124.08
SH00513,2026-09-28,S09,Tulsa Beverage,TUL,MKC,E,713.3,3,28,29.7,25.5,154.66
SH00514,2026-09-28,S01,AutoParts Co,SGF,MKC,E,1546.2,6,22,63.4,70.3,292.7
SH00515,2026-09-28,S03,Paper Mill Supply,STL,MEM,E,1405.3,6,18,69.4,78.1,320.64
SH00516,2026-09-28,S03,Paper Mill Supply,STL,MEM,E,935.8,4,18,57.6,52.0,217.31
SH00517,2026-09-28,S05,KC Food Dist,MKC,SGF,P,1881.3,9,30,78.4,62.7,492.82
SH00518,2026-09-28,S10,Plains Pharma,TUL,STL,P,566.1,4,12,43.6,47.2,176.71
SH00519,2026-09-28,S01,AutoParts Co,SGF,TUL,E,1349.8,5,22,66.1,61.4,314.03
SH00520,2026-09-28,S05,KC Food Dist,MKC,TUL,P,1707.2,8,30,51.8,56.9,430.19
SH00521,2026-09-28,S07,Memphis Machinery,MEM,MKC,P,2025.8,16,25,78.6,81.0,586.65
SH00522,2026-09-28,S08,Delta Plastics,MEM,SGF,P,728.3,3,9,86.4,80.9,213.99
SH00523,2026-09-28,S04,Gateway Electronics,STL,MEM,E,556.1,2,10,67.0,55.6,118.51
SH00524,2026-09-28,S01,AutoParts Co,SGF,TUL,P,593.9,3,22,28.4,27.0,169.17
SH00525,2026-09-28,S05,KC Food Dist,MKC,TUL,P,1196.7,7,30,33.7,39.9,342.33
SH00526,2026-09-28,S07,Memphis Machinery,MEM,MKC,P,1583.9,12,25,55.5,63.4,489.96
SH00527,2026-09-28,S07,Memphis Machinery,MEM,MKC,P,2335.0,10,25,93.0,93.4,701.75
SH00528,2026-09-28,S12,Crossroads Retail,MKC,TUL,E,726.4,4,11,71.5,66.0,174.68
SH00529,2026-09-28,S07,Memphis Machinery,MEM,STL,E,1444.1,7,25,66.9,57.8,346.79
SH00530,2026-09-28,S04,Gateway Electronics,STL,TUL,E,118.9,1,10,12.8,11.9,28.77
SH00531,2026-09-28,S07,Memphis Machinery,MEM,SGF,P,1330.5,9,25,53.9,53.2,369.88
SH00532,2026-09-28,S11,Ozark Building,SGF,MKC,P,1957.3,9,20,104.8,97.9,477.49
SH00533,2026-09-28,S04,Gateway Electronics,STL,MKC,P,535.3,2,10,56.3,53.5,142.78
SH00534,2026-09-28,S08,Delta Plastics,MEM,SGF,P,808.8,3,9,92.1,89.9,202.66
SH00535,2026-09-28,S02,Ozark Furniture,SGF,STL,P,280.9,2,7,38.1,40.1,73.61
SH00536,2026-09-28,S08,Delta Plastics,MEM,SGF,P,864.9,4,9,109.6,96.1,266.76
SH00537,2026-09-28,S10,Plains Pharma,TUL,STL,P,362.3,1,12,33.8,30.2,105.73
SH00538,2026-09-28,S05,KC Food Dist,MKC,TUL,P,952.9,4,30,29.4,31.8,245.77
SH00539,2026-09-28,S11,Ozark Building,SGF,TUL,P,1132.9,5,20,48.9,56.6,311.76
SH00540,2026-09-28,S05,KC Food Dist,MKC,STL,E,1817.7,15,30,56.7,60.6,391.16
SH00541,2026-09-28,S01,AutoParts Co,SGF,STL,P,1486.5,7,22,83.0,67.6,429.08
SH00542,2026-09-28,S09,Tulsa Beverage,TUL,MKC,E,431.3,2,28,16.5,15.4,85.06
SH00543,2026-09-28,S03,Paper Mill Supply,STL,MKC,P,128.2,1,18,6.3,7.1,33.68
SH00544,2026-09-28,S12,Crossroads Retail,MKC,STL,P,827.3,6,11,71.9,75.2,231.69
SH00545,2026-09-28,S02,Ozark Furniture,SGF,STL,E,80.0,1,7,10.5,11.4,15.59
SH00546,2026-09-28,S11,Ozark Building,SGF,MKC,E,847.9,5,20,43.9,42.4,153.39
SH00547,2026-09-28,S05,KC Food Dist,MKC,SGF,E,950.4,3,30,28.5,31.7,191.59
SH00548,2026-09-28,S10,Plains Pharma,TUL,MEM,E,196.4,1,12,17.2,16.4,52.45
SH00549,2026-09-28,S07,Memphis Machinery,MEM,STL,E,2901.9,12,25,126.3,116.1,550.09
SH00550,2026-09-28,S07,Memphis Machinery,MEM,MKC,P,460.3,2,25,15.2,18.4,129.12
SH00551,2026-09-28,S01,AutoParts Co,SGF,STL,P,1311.9,5,22,51.0,59.6,370.67
SH00552,2026-09-28,S04,Gateway Electronics,STL,MEM,P,414.9,1,10,51.1,41.5,122.21
SH00553,2026-09-28,S07,Memphis Machinery,MEM,MKC,E,1069.2,4,25,31.4,42.8,255.77
SH00554,2026-09-28,S01,AutoParts Co,SGF,STL,P,482.6,3,22,22.9,21.9,126.31
SH00555,2026-09-28,S05,KC Food Dist,MKC,TUL,P,1796.1,14,30,49.1,59.9,499.17
SH00556,2026-09-28,S09,Tulsa Beverage,TUL,STL,E,1484.1,7,28,54.6,53.0,375.64
SH00557,2026-09-28,S01,AutoParts Co,SGF,STL,E,1067.2,4,22,46.3,48.5,190.11
SH00558,2026-09-28,S02,Ozark Furniture,SGF,STL,P,316.2,2,7,42.3,45.2,91.49
SH00559,2026-09-28,S11,Ozark Building,SGF,STL,E,2076.4,17,20,109.8,103.8,427.69
SH00560,2026-09-28,S12,Crossroads Retail,MKC,MEM,P,555.2,2,11,49.4,50.5,156.21
SH00561,2026-09-28,S04,Gateway Electronics,STL,MEM,P,341.4,2,10,33.8,34.1,103.99
SH00562,2026-09-28,S01,AutoParts Co,SGF,STL,E,1083.7,5,22,46.8,49.3,222.06
SH00563,2026-09-28,S12,Crossroads Retail,MKC,STL,E,555.9,3,11,48.3,50.5,132.05
SH00564,2026-09-28,S08,Delta Plastics,MEM,TUL,E,533.4,2,9,62.7,59.3,135.46
SH00565,2026-09-28,S09,Tulsa Beverage,TUL,STL,E,1847.9,13,28,66.4,66.0,497.63
SH00566,2026-09-28,S03,Paper Mill Supply,STL,SGF,E,2032.0,15,18,112.9,112.9,411.21
SH00567,2026-09-28,S05,KC Food Dist,MKC,MEM,P,827.9,4,30,24.0,27.6,234.32
SH00568,2026-09-28,S04,Gateway Electronics,STL,MEM,P,464.0,3,10,42.7,46.4,127.74
SH00569,2026-09-28,S04,Gateway Electronics,STL,MEM,E,793.5,3,10,73.5,79.4,177.02
SH00570,2026-09-28,S02,Ozark Furniture,SGF,STL,E,734.4,2,7,113.2,104.9,159.98
SH00571,2026-09-28,S05,KC Food Dist,MKC,SGF,E,1854.9,8,30,61.1,61.8,342.69
SH00572,2026-09-28,S01,AutoParts Co,SGF,MKC,P,673.2,3,22,31.1,30.6,157.58
SH00573,2026-09-28,S12,Crossroads Retail,MKC,SGF,E,697.0,3,11,60.7,63.4,136.07
SH00574,2026-09-28,S02,Ozark Furniture,SGF,STL,E,837.2,3,7,135.5,119.6,180.46
SH00575,2026-09-28,S07,Memphis Machinery,MEM,SGF,E,2786.9,16,25,109.9,111.5,613.43
SH00576,2026-09-28,S01,AutoParts Co,SGF,MKC,P,1009.6,5,22,42.7,45.9,251.56
SH00577,2026-09-28,S08,Delta Plastics,MEM,TUL,P,850.1,3,9,80.7,94.5,254.2
SH00578,2026-09-28,S12,Crossroads Retail,MKC,SGF,P,989.8,7,11,85.8,90.0,232.09
SH00579,2026-09-28,S05,KC Food Dist,MKC,SGF,E,1999.3,9,30,67.4,66.6,419.62
SH00580,2026-09-28,S01,AutoParts Co,SGF,MEM,P,1750.4,7,22,77.2,79.6,503.0
SH00581,2026-09-28,S08,Delta Plastics,MEM,MKC,E,545.2,3,9,57.7,60.6,142.27
SH00582,2026-09-28,S11,Ozark Building,SGF,MEM,P,1433.5,9,20,58.3,71.7,404.01
SH00583,2026-09-28,S10,Plains Pharma,TUL,MKC,P,417.5,2,12,37.8,34.8,105.67
SH00584,2026-09-28,S11,Ozark Building,SGF,STL,E,1471.2,6,20,68.6,73.6,284.82
SH00585,2026-09-28,S07,Memphis Machinery,MEM,SGF,P,1413.2,9,25,48.6,56.5,433.22
SH00586,2026-09-28,S05,KC Food Dist,MKC,SGF,P,1729.8,7,30,63.5,57.7,423.93
SH00587,2026-09-28,S04,Gateway Electronics,STL,MKC,P,282.9,1,10,27.9,28.3,75.71
SH00588,2026-09-28,S05,KC Food Dist,MKC,STL,E,1525.2,6,30,48.0,50.8,340.61
SH00589,2026-09-28,S08,Delta Plastics,MEM,TUL,P,1062.9,6,9,123.7,118.1,326.58
SH00590,2026-09-28,S09,Tulsa Beverage,TUL,MKC,P,1158.3,8,28,39.2,41.4,311.32
SH00591,2026-09-28,S01,AutoParts Co,SGF,MEM,P,1220.2,6,22,53.6,55.5,374.13
SH00592,2026-09-28,S02,Ozark Furniture,SGF,MEM,E,552.7,2,7,76.5,79.0,135.66
SH00593,2026-09-28,S01,AutoParts Co,SGF,MEM,P,1362.8,5,22,67.3,61.9,324.68
SH00594,2026-09-28,S06,Midwest Apparel,MKC,TUL,P,553.2,3,8,71.0,69.2,152.82
SH00595,2026-09-28,S11,Ozark Building,SGF,TUL,P,1193.3,6,20,57.9,59.7,308.86
SH00596,2026-09-28,S05,KC Food Dist,MKC,STL,P,460.5,3,30,14.6,15.3,128.43
SH00597,2026-09-28,S04,Gateway Electronics,STL,SGF,P,527.9,2,10,54.8,52.8,145.69
SH00598,2026-09-28,S05,KC Food Dist,MKC,MEM,E,391.0,1,30,13.0,13.0,104.23
SH00599,2026-09-28,S05,KC Food Dist,MKC,MEM,P,1341.5,5,30,47.1,44.7,407.14
SH00600,2026-09-28,S05,KC Food Dist,MKC,MEM,E,1036.1,8,30,35.7,34.5,289.53
SH00601,2026-09-28,S11,Ozark Building,SGF,STL,E,1247.2,6,20,68.1,62.4,269.63
SH00602,2026-09-28,S09,Tulsa Beverage,TUL,SGF,P,1868.4,7,28,67.8,66.7,421.63
SH00603,2026-09-28,S10,Plains Pharma,TUL,MKC,P,265.2,2,12,23.5,22.1,73.24
SH00604,2026-09-28,S03,Paper Mill Supply,STL,MEM,E,1784.0,7,18,94.8,99.1,433.22
SH00605,2026-09-28,S06,Midwest Apparel,MKC,MEM,P,521.0,2,8,69.9,65.1,148.53
SH00606,2026-09-28,S07,Memphis Machinery,MEM,TUL,P,2186.4,13,25,85.7,87.5,670.79
SH00607,2026-09-28,S03,Paper Mill Supply,STL,SGF,E,1293.2,6,18,70.3,71.8,251.44
SH00608,2026-09-28,S06,Midwest Apparel,MKC,STL,E,663.0,2,8,89.2,82.9,159.49
SH00609,2026-09-28,S07,Memphis Machinery,MEM,STL,P,1763.7,8,25,67.1,70.5,478.25
SH00610,2026-09-28,S05,KC Food Dist,MKC,STL,E,1310.0,5,30,38.2,43.7,296.47
SH00611,2026-09-28,S01,AutoParts Co,SGF,MKC,P,1009.1,7,22,46.0,45.9,258.01
SH00612,2026-09-28,S02,Ozark Furniture,SGF,TUL,E,369.4,1,7,51.9,52.8,68.37
SH00613,2026-09-28,S03,Paper Mill Supply,STL,MEM,P,1108.2,5,18,58.4,61.6,315.66
SH00614,2026-09-28,S08,Delta Plastics,MEM,TUL,P,992.6,5,9,103.2,110.3,302.13
SH00615,2026-09-28,S05,KC Food Dist,MKC,MEM,P,1300.6,9,30,42.6,43.4,376.24
SH00616,2026-09-28,S04,Gateway Electronics,STL,SGF,P,218.7,1,10,23.0,21.9,64.0
SH00617,2026-09-28,S07,Memphis Machinery,MEM,TUL,P,1814.1,11,25,76.0,72.6,520.82
SH00618,2026-09-28,S02,Ozark Furniture,SGF,STL,E,1026.2,6,7,139.4,146.6,222.63
SH00619,2026-09-28,S01,AutoParts Co,SGF,MEM,P,841.7,5,22,39.8,38.3,250.5
SH00620,2026-09-28,S04,Gateway Electronics,STL,MKC,P,394.5,1,10,46.9,39.5,97.64
SH00621,2026-09-28,S01,AutoParts Co,SGF,MKC,E,649.2,4,22,31.8,29.5,126.67
SH00622,2026-09-28,S05,KC Food Dist,MKC,TUL,P,1649.7,8,30,54.8,55.0,503.26
SH00623,2026-09-28,S02,Ozark Furniture,SGF,MKC,E,1104.1,8,7,140.7,157.7,181.64
SH00624,2026-09-28,S11,Ozark Building,SGF,STL,E,1646.0,8,20,87.4,82.3,356.62
SH00625,2026-09-28,S06,Midwest Apparel,MKC,STL,E,284.8,1,8,34.4,35.6,59.61
SH00626,2026-09-28,S07,Memphis Machinery,MEM,STL,P,1724.6,7,25,72.3,69.0,572.87
SH00627,2026-09-28,S09,Tulsa Beverage,TUL,MKC,E,1381.2,9,28,36.7,49.3,276.6
SH00628,2026-09-28,S08,Delta Plastics,MEM,STL,P,958.5,3,9,95.5,106.5,261.85
SH00629,2026-09-28,S04,Gateway Electronics,STL,MEM,E,463.0,1,10,49.0,46.3,107.63
SH00630,2026-09-28,S07,Memphis Machinery,MEM,MKC,E,1223.9,5,25,47.8,49.0,318.8
SH00631,2026-09-28,S11,Ozark Building,SGF,STL,E,868.2,3,20,45.3,43.4,193.04
SH00632,2026-09-28,S09,Tulsa Beverage,TUL,STL,P,1948.5,7,28,60.8,69.6,608.2
SH00633,2026-09-28,S11,Ozark Building,SGF,STL,P,1280.4,5,20,50.3,64.0,356.88
SH00634,2026-09-28,S07,Memphis Machinery,MEM,MKC,P,714.7,3,25,28.7,28.6,208.59
SH00635,2026-09-28,S02,Ozark Furniture,SGF,MEM,E,1085.0,4,7,147.2,155.0,273.63
SH00636,2026-09-28,S09,Tulsa Beverage,TUL,MKC,P,1059.4,7,28,35.2,37.8,281.4
SH00637,2026-09-28,S02,Ozark Furniture,SGF,STL,P,80.0,1,7,12.5,11.4,22.59
SH00638,2026-09-28,S02,Ozark Furniture,SGF,STL,E,741.3,2,7,130.1,105.9,154.76
SH00639,2026-09-28,S01,AutoParts Co,SGF,MEM,E,352.7,1,22,15.0,16.0,88.12
SH00640,2026-09-28,S01,AutoParts Co,SGF,TUL,E,914.3,6,22,42.1,41.6,192.9
SH00641,2026-09-28,S01,AutoParts Co,SGF,STL,E,728.2,3,22,36.9,33.1,159.95
SH00642,2026-09-28,S09,Tulsa Beverage,TUL,MKC,E,1199.4,7,28,41.1,42.8,275.14
SH00643,2026-09-28,S05,KC Food Dist,MKC,STL,P,1907.7,10,30,50.7,63.6,506.84
SH00644,2026-09-28,S10,Plains Pharma,TUL,MEM,E,128.2,1,12,8.8,10.7,29.62
SH00645,2026-09-28,S08,Delta Plastics,MEM,SGF,E,690.9,3,9,84.9,76.8,137.66
SH00646,2026-09-28,S08,Delta Plastics,MEM,SGF,P,974.3,7,9,103.9,108.3,285.39
SH00647,2026-09-28,S04,Gateway Electronics,STL,MKC,E,832.3,4,10,80.4,83.2,209.11
SH00648,2026-09-28,S11,Ozark Building,SGF,STL,P,1174.5,7,20,53.1,58.7,322.7
SH00649,2026-09-28,S03,Paper Mill Supply,STL,SGF,P,1223.8,9,18,66.3,68.0,293.27
SH00650,2026-09-28,S06,Midwest Apparel,MKC,STL,P,670.1,3,8,86.2,83.8,171.29
SH00651,2026-09-28,S10,Plains Pharma,TUL,STL,P,160.4,1,12,12.4,13.4,50.66
SH00652,2026-09-28,S11,Ozark Building,SGF,MKC,E,2262.7,16,20,113.2,113.1,506.0
SH00653,2026-09-28,S03,Paper Mill Supply,STL,MKC,E,1191.5,7,18,78.1,66.2,294.13
SH00654,2026-09-28,S04,Gateway Electronics,STL,TUL,E,325.9,2,10,34.0,32.6,86.07
SH00655,2026-09-28,S11,Ozark Building,SGF,MEM,P,1675.1,7,20,86.0,83.8,477.86
SH00656,2026-09-28,S04,Gateway Electronics,STL,TUL,P,217.9,1,10,21.4,21.8,62.49
SH00657,2026-09-28,S11,Ozark Building,SGF,MKC,E,1593.0,8,20,67.1,79.7,291.21
SH00658,2026-09-28,S07,Memphis Machinery,MEM,MKC,E,1478.6,8,25,62.0,59.1,338.31
SH00659,2026-09-28,S11,Ozark Building,SGF,MKC,P,1725.6,13,20,76.2,86.3,499.19
SH00660,2026-09-28,S01,AutoParts Co,SGF,TUL,P,1558.3,7,22,59.0,70.8,356.42
SH00661,2026-09-28,S07,Memphis Machinery,MEM,MKC,P,2471.3,9,25,99.8,98.9,708.39
SH00662,2026-09-28,S05,KC Food Dist,MKC,STL,P,964.4,6,30,30.5,32.1,279.31
SH00663,2026-09-28,S09,Tulsa Beverage,TUL,MKC,P,610.5,2,28,22.1,21.8,164.55
SH00664,2026-09-28,S02,Ozark Furniture,SGF,MEM,P,896.2,6,7,138.6,128.0,268.32
SH00665,2026-09-28,S04,Gateway Electronics,STL,SGF,E,658.7,2,10,68.2,65.9,151.57
SH00666,2026-09-28,S02,Ozark Furniture,SGF,TUL,E,469.8,2,7,63.7,67.1,102.2
SH00667,2026-09-28,S11,Ozark Building,SGF,MEM,P,1169.3,5,20,53.4,58.5,331.99
SH00668,2026-09-28,S02,Ozark Furniture,SGF,MEM,P,920.3,4,7,120.1,131.5,276.75
SH00669,2026-09-28,S01,AutoParts Co,SGF,TUL,E,832.2,3,22,30.6,37.8,189.31
SH00670,2026-09-28,S04,Gateway Electronics,STL,MEM,P,298.9,1,10,25.4,29.9,82.15
SH00671,2026-09-28,S06,Midwest Apparel,MKC,STL,E,1040.1,6,8,131.5,130.0,191.4
SH00672,2026-09-28,S11,Ozark Building,SGF,MEM,E,1406.2,6,20,73.0,70.3,325.41
SH00673,2026-09-28,S09,Tulsa Beverage,TUL,STL,P,1381.4,6,28,49.8,49.3,384.31
SH00674,2026-09-28,S01,AutoParts Co,SGF,STL,P,541.8,2,22,24.8,24.6,128.74
SH00675,2026-09-28,S10,Plains Pharma,TUL,MEM,P,185.5,1,12,14.0,15.5,59.66
SH00676,2026-09-28,S01,AutoParts Co,SGF,STL,P,1287.4,7,22,55.4,58.5,333.69
SH00677,2026-09-28,S08,Delta Plastics,MEM,TUL,P,728.7,3,9,62.9,81.0,207.83
SH00678,2026-09-28,S12,Crossroads Retail,MKC,MEM,E,871.0,5,11,87.2,79.2,250.26
SH00679,2026-09-28,S04,Gateway Electronics,STL,MEM,E,352.1,1,10,32.7,35.2,80.89
SH00680,2026-09-28,S01,AutoParts Co,SGF,MKC,P,1047.9,6,22,49.7,47.6,272.06
SH00681,2026-09-28,S01,AutoParts Co,SGF,TUL,E,764.1,4,22,33.3,34.7,172.67
SH00682,2026-09-28,S06,Midwest Apparel,MKC,SGF,E,363.7,2,8,53.0,45.5,74.63
